ID,y
4,0
19,0
25,0
29,0
35,0
51,0
75,0
85,0
90,0
92,0
102,0
104,0
135,0
152,0
155,0
157,0
167,0
170,0
188,0
195,0
213,0
217,0
227,0
232,0
243,0
250,0
263,0
269,0
272,0
277,0
288,0
296,0
310,0
323,0
336,0
339,0
351,0
354,0
363,0
377,0
380,0
383,0
388,0
394,0
398,0
404,0
407,0
412,0
414,0
416,0
417,0
427,0
428,0
430,0
436,0
453,0
456,0
457,0
464,0
471,0
488,0
504,0
506,0
513,0
517,0
520,0
549,0
550,0
559,0
571,0
588,0
596,0
618,0
640,0
655,0
660,0
661,0
662,0
684,0
696,0
697,0
701,0
702,0
704,0
730,0
736,0
738,0
753,0
754,0
760,0
761,0
765,0
778,0
787,0
788,0
795,0
796,0
827,0
830,0
833,0
835,0
846,0
859,0
863,0
876,0
883,0
887,0
900,0
914,0
915,0
918,0
919,0
927,0
938,0
955,0
962,0
983,0
984,0
1008,0
1026,0
1027,0
1045,0
1067,0
1068,0
1075,0
1090,0
1097,0
1133,0
1135,0
1137,0
1146,0
1166,0
1167,0
1171,0
1175,0
1219,0
1221,0
1230,0
1236,0
1239,0
1245,0
1274,0
1279,0
1301,0
1332,0
1341,0
1344,0
1352,0
1353,0
1370,0
1401,0
1403,0
1407,0
1417,0
1418,0
1419,0
1424,0
1447,0
1449,0
1481,0
1496,0
1507,0
1524,0
1562,0
1567,0
1569,0
1573,0
1576,0
1579,0
1585,0
1597,0
1605,0
1614,0
1617,0
1651,0
1666,0
1669,0
1692,0
1695,0
1697,0
1700,0
1701,0
1705,0
1708,0
1718,0
1722,0
1728,0
1738,0
1766,0
1784,0
1788,0
1793,0
1802,0
1803,0
1815,0
1834,0
1843,0
1845,0
1868,0
1873,0
1878,0
1885,0
1889,0
1898,0
1909,0
1928,0
1935,0
1947,0
1952,0
1959,0
1974,0
1977,0
1978,0
1985,0
1991,0
1993,0
2005,0
2006,0
2007,0
2008,0
2014,0
2020,0
2050,0
2081,0
2084,0
2096,0
2098,0
2108,0
2135,0
2141,0
2155,0
2162,0
2163,0
2178,0
2195,0
2197,0
2209,0
2214,0
2235,0
2252,0
2256,0
2272,0
2289,0
2294,0
2301,0
2320,0
2325,0
2330,0
2331,0
2332,0
2338,0
2344,0
2370,0
2375,0
2378,0
2380,0
2384,0
2397,0
2401,0
2414,0
2415,0
2437,0
2451,0
2459,0
2472,0
2483,0
2487,0
2492,0
2496,0
2504,0
2512,0
2531,0
2534,0
2551,0
2568,0
2571,0
2572,0
2575,0
2582,0
2595,0
2596,0
2605,0
2617,0
2619,0
2620,0
2621,0
2633,0
2643,0
2656,0
2658,0
2660,0
2664,0
2673,0
2674,0
2675,0
2697,0
2699,0
2712,0
2715,0
2718,0
2720,0
2729,0
2748,0
2749,0
2773,0
2779,0
2789,0
2794,0
2795,0
2808,0
2809,0
2827,0
2840,0
2896,0
2897,0
2901,0
2908,0
2909,0
2925,0
2932,0
2940,0
2959,0
2972,0
2974,0
2981,0
2989,0
2996,0
3005,0
3009,0
3012,0
3015,0
3016,0
3017,0
3031,0
3039,0
3040,0
3043,0
3047,0
3067,0
3077,0
3086,0
3101,0
3103,0
3104,0
3128,0
3138,0
3152,0
3154,0
3156,0
3158,0
3176,0
3177,0
3180,0
3191,0
3199,0
3212,0
3231,0
3235,0
3255,0
3262,0
3282,0
3284,0
3287,0
3300,0
3315,0
3343,0
3345,0
3348,0
3373,0
3384,0
3391,0
3393,0
3396,0
3404,0
3416,0
3433,0
3441,0
3469,0
3471,0
3475,0
3479,0
3482,0
3486,0
3504,0
3513,0
3515,0
3527,0
3536,0
3588,0
3595,0
3599,0
3602,0
3604,0
3608,0
3617,0
3623,0
3634,0
3646,0
3673,0
3676,0
3683,0
3687,0
3690,0
3695,0
3720,0
3731,0
3736,0
3738,0
3746,0
3750,0
3761,0
3764,0
3770,0
3773,0
3776,0
3788,0
3811,0
3813,0
3815,0
3823,0
3851,0
3854,0
3859,0
3861,0
3881,0
3882,0
3930,0
3948,0
3950,0
3951,0
3953,0
3968,0
3978,0
3998,0
4007,0
4014,0
4025,0
4030,0
4035,0
4044,0
4049,0
4057,0
4066,0
4067,0
4069,0
4080,0
4083,0
4085,0
4089,0
4103,0
4111,0
4112,0
4115,0
4120,0
4132,0
4139,0
4140,0
4153,0
4173,0
4177,0
4179,0
4181,0
4184,0
4192,0
4199,0
4203,0
4215,0
4217,0
4231,0
4234,0
4247,0
4264,0
4270,0
4286,0
4294,0
4297,0
4313,0
4314,0
4327,0
4337,0
4348,0
4375,0
4392,0
4394,0
4408,0
4414,0
4416,0
4430,0
4446,0
4449,0
4452,0
4468,0
4476,0
4482,0
4485,0
4514,0
4517,0
4529,0
4550,0
4568,0
4590,0
4609,0
4621,0
4638,0
4641,0
4647,0
4650,0
4663,0
4666,0
4673,0
4683,0
4688,0
4701,0
4702,0
4719,0
4728,0
4753,0
4762,0
4783,0
4787,0
4819,0
4820,0
4821,0
4826,0
4828,0
4833,0
4834,0
4844,0
4849,0
4856,0
4862,0
4867,0
4873,0
4892,0
4899,0
4905,0
4909,0
4924,0
4926,0
4928,0
4933,0
4937,0
4938,0
4948,0
4950,0
4954,0
4977,0
5004,0
5008,0
5014,0
5031,0
5034,0
5037,0
5048,0
5050,0
5055,0
5062,0
5063,0
5064,0
5071,0
5076,0
5078,0
5094,0
5095,0
5097,0
5106,0
5110,0
5111,0
5112,0
5115,0
5116,0
5119,0
5120,0
5129,0
5134,0
5139,0
5146,0
5161,0
5162,0
5167,0
5168,0
5184,0
5188,0
5204,0
5212,0
5225,0
5226,0
5234,0
5235,0
5236,0
5247,0
5263,0
5269,0
5310,0
5316,0
5322,0
5323,0
5324,0
5339,0
5349,0
5362,0
5373,0
5380,0
5390,0
5392,0
5396,0
5424,0
5436,0
5437,0
5445,0
5470,0
5484,0
5489,0
5501,0
5516,0
5517,0
5527,0
5531,0
5540,0
5541,0
5545,0
5584,0
5590,0
5594,0
5600,0
5601,0
5618,0
5622,0
5634,0
5640,0
5643,0
5651,0
5654,0
5664,0
5671,0
5681,0
5690,0
5693,0
5698,0
5709,0
5710,0
5713,0
5727,0
5741,0
5746,0
5753,0
5756,0
5758,0
5763,0
5770,0
5806,0
5810,0
5813,0
5821,0
5883,0
5887,0
5889,0
5894,0
5900,0
5911,0
5912,0
5920,0
5951,0
5955,0
5974,0
5977,0
5997,0
6012,0
6017,0
6021,0
6039,0
6053,0
6086,0
6089,0
6094,0
6103,0
6111,0
6126,0
6136,0
6145,0
6159,0
6176,0
6185,0
6186,0
6190,0
6194,0
6203,0
6206,0
6228,0
6238,0
6246,0
6249,0
6256,0
6270,0
6275,0
6284,0
6290,0
6296,0
6314,0
6319,0
6345,0
6348,0
6369,0
6392,0
6424,0
6451,0
6461,0
6472,0
6476,0
6492,0
6493,0
6505,0
6517,0
6518,0
6519,0
6526,0
6541,0
6542,0
6558,0
6560,0
6562,0
6577,0
6579,0
6583,0
6584,0
6586,0
6592,0
6600,0
6611,0
6615,0
6618,0
6620,0
6644,0
6656,0
6664,0
6666,0
6683,0
6717,0
6719,0
6731,0
6733,0
6756,0
6771,0
6776,0
6785,0
6786,0
6795,0
6803,0
6804,0
6820,0
6827,0
6837,0
6849,0
6861,0
6864,0
6871,0
6887,0
6913,0
6918,0
6926,0
6935,0
6946,0
6948,0
6949,0
6957,0
6960,0
6965,0
6970,0
6973,0
7000,0
7007,0
7008,0
7018,0
7023,0
7026,0
7027,0
7031,0
7032,0
7039,0
7049,0
7054,0
7065,0
7071,0
7073,0
7082,0
7084,0
7091,0
7104,0
7108,0
7111,0
7113,0
7118,0
7144,0
7149,0
7154,0
7165,0
7168,0
7169,0
7188,0
7211,0
7218,0
7223,0
7230,0
7245,0
7284,0
7289,0
7293,0
7308,0
7313,0
7319,0
7328,0
7333,0
7342,0
7348,0
7350,0
7351,0
7361,0
7367,0
7406,0
7409,0
7412,0
7415,0
7417,0
7421,0
7433,0
7442,0
7446,0
7455,0
7459,0
7461,0
7474,0
7483,0
7503,0
7504,0
7519,0
7521,0
7543,0
7565,0
7569,0
7570,0
7611,0
7629,0
7632,0
7635,0
7646,0
7648,0
7671,0
7673,0
7677,0
7686,0
7695,0
7704,0
7708,0
7719,0
7722,0
7746,0
7752,0
7758,0
7765,0
7769,0
7790,0
7794,0
7797,0
7800,0
7804,0
7812,0
7814,0
7818,0
7833,0
7836,0
7850,0
7868,0
7881,0
7920,0
7936,0
7950,0
7951,0
7959,0
7973,0
7976,0
7995,0
7997,0
8000,0
8002,0
8003,0
8027,0
8031,0
8035,0
8057,0
8060,0
8061,0
8062,0
8074,0
8078,0
8086,0
8091,0
8097,0
8098,0
8116,0
8123,0
8128,0
8136,0
8144,0
8157,0
8160,0
8162,0
8175,0
8185,0
8188,0
8190,0
8195,0
8196,0
8203,0
8207,0
8208,0
8215,0
8219,0
8221,0
8223,0
8226,0
8227,0
8243,0
8250,0
8262,0
8312,0
8316,0
8317,0
8321,0
8326,0
8331,0
8340,0
8349,0
8352,0
8356,0
8360,0
8395,0
8399,0
8401,0
8406,0
8409,0
8416,0
8438,0
8451,0
8454,0
8456,0
8464,0
8471,0
8472,0
8485,0
8512,0
8514,0
8517,0
8523,0
8533,0
8542,0
8550,0
8557,0
8561,0
8570,0
8575,0
8576,0
8577,0
8602,0
8603,0
8622,0
8637,0
8642,0
8644,0
8645,0
8664,0
8669,0
8672,0
8682,0
8704,0
8705,0
8708,0
8710,0
8716,0
8720,0
8730,0
8762,0
8765,0
8786,0
8792,0
8793,0
8794,0
8803,0
8840,0
8856,0
8869,0
8875,0
8889,0
8915,0
8920,0
8921,0
8924,0
8931,0
8943,0
8952,0
8960,0
8973,0
9005,0
9006,0
9008,0
9012,0
9018,0
9023,0
9024,0
9027,0
9049,0
9053,0
9070,0
9097,0
9105,0
9123,0
9126,0
9135,0
9146,0
9155,0
9172,0
9173,0
9175,0
9188,0
9191,0
9200,0
9209,0
9210,0
9211,0
9215,0
9216,0
9235,0
9248,0
9253,0
9256,0
9263,0
9277,0
9283,0
9285,0
9297,0
9302,0
9316,0
9333,0
9334,0
9343,0
9363,0
9367,0
9375,0
9383,0
9385,0
9406,0
9409,0
9412,0
9442,0
9443,0
9444,0
9459,0
9462,0
9471,0
9473,0
9494,0
9521,0
9526,0
9534,0
9551,0
9554,0
9560,0
9563,0
9576,0
9591,0
9593,0
9604,0
9608,0
9622,0
9639,0
9646,0
9652,0
9659,0
9706,0
9722,0
9723,0
9728,0
9739,0
9746,0
9751,0
9760,0
9771,0
9789,0
9792,0
9803,0
9806,0
9808,0
9810,0
9817,0
9837,0
9842,0
9844,0
9857,0
9858,0
9862,0
9867,0
9868,0
9869,0
9876,0
9878,0
9882,0
9890,0
9897,0
9906,0
9908,0
9919,0
9923,0
9927,0
9933,0
9934,0
9941,0
9943,0
9958,0
9961,0
9969,0
9996,0
10001,0
10008,0
10009,0
10014,0
10015,0
10017,0
10018,0
10024,0
10029,0
10031,0
10040,0
10044,0
10054,0
10067,0
10078,0
10086,0
10090,0
10098,0
10116,0
10126,0
10135,0
10137,0
10153,0
10156,0
10158,0
10165,0
10182,0
10193,0
10196,0
10247,0
10258,0
10259,0
10273,0
10281,0
10282,0
10283,0
10284,0
10291,0
10292,0
10296,0
10309,0
10313,0
10315,0
10317,0
10323,0
10343,0
10365,0
10383,0
10386,0
10392,0
10395,0
10441,0
10451,0
10455,0
10457,0
10470,0
10471,0
10482,0
10488,0
10492,0
10540,0
10545,0
10552,0
10576,0
10578,0
10604,0
10605,0
10616,0
10618,0
10628,0
10629,0
10630,0
10646,0
10648,0
10653,0
10654,0
10657,0
10668,0
10674,0
10675,0
10677,0
10685,0
10686,0
10699,0
10701,0
10703,0
10718,0
10719,0
10720,0
10723,0
10728,0
10735,0
10750,0
10756,0
10759,0
10761,0
10764,0
10770,0
10790,0
10792,0
10794,0
10799,0
10800,0
10808,0
10816,0
10819,0
10824,0
10829,0
10832,0
10839,0
10840,0
10841,0
10845,0
10848,0
10863,0
10865,0
10869,0
10886,0
10893,0
10900,0
10906,0
10909,0
10914,0
10926,0
10944,0
10945,0
10956,0
10958,0
10974,0
10977,0
10978,0
10989,0
10997,0
11004,0
11006,0
11007,0
11009,0
11018,0
11025,0
11079,0
11088,0
11089,0
11090,0
11104,0
11113,0
11116,0
11122,0
11146,0
11156,0
11159,0
11163,0
11194,0
11200,0
11205,0
11223,0
11230,0
11240,0
11241,0
11245,0
11248,0
11252,0
11269,0
11270,0
11272,0
11275,0
11276,0
11282,0
11284,0
11286,0
11301,0
11302,0
11320,0
11351,0
11354,0
11356,0
11357,0
11359,0
11360,0
11367,0
11393,0
11417,0
11421,0
11422,0
11432,0
11435,0
11442,0
11449,0
11477,0
11485,0
11491,0
11500,0
11510,0
11511,0
11513,0
11522,0
11537,0
11540,0
11542,0
11548,0
11551,0
11552,0
11553,0
11564,0
11566,0
11567,0
11586,0
11595,0
11610,0
11625,0
11638,0
11655,0
11656,0
11659,0
11660,0
11662,0
11663,0
11665,0
11666,0
11682,0
11686,0
11694,0
11699,0
11707,0
11721,0
11727,0
11734,0
11739,0
11741,0
11743,0
11752,0
11754,0
11768,0
11782,0
11786,0
11794,0
11811,0
11814,0
11827,0
11830,0
11831,0
11845,0
11847,0
11874,0
11876,0
11877,0
11899,0
11908,0
11917,0
11929,0
11939,0
11959,0
11960,0
11963,0
11965,0
11975,0
11979,0
11981,0
12003,0
12026,0
12038,0
12041,0
12042,0
12044,0
12045,0
12063,0
12067,0
12069,0
12087,0
12100,0
12109,0
12117,0
12120,0
12123,0
12129,0
12143,0
12144,0
12145,0
12148,0
12158,0
12173,0
12174,0
12182,0
12195,0
12196,0
12204,0
12209,0
12212,0
12222,0
12228,0
12232,0
12256,0
12261,0
12271,0
12275,0
12297,0
12301,0
12309,0
12312,0
12313,0
12330,0
12343,0
12347,0
12361,0
12368,0
12376,0
12383,0
12403,0
12410,0
12415,0
12428,0
12435,0
12445,0
12446,0
12451,0
12453,0
12455,0
12456,0
12468,0
12469,0
12474,0
12492,0
12502,0
12504,0
12506,0
12510,0
12513,0
12515,0
12542,0
12545,0
12555,0
12569,0
12572,0
12584,0
12591,0
12597,0
12615,0
12617,0
12621,0
12625,0
12652,0
12655,0
12659,0
12662,0
12667,0
12669,0
12680,0
12700,0
12701,0
12722,0
12727,0
12728,0
12737,0
12746,0
12760,0
12764,0
12768,0
12772,0
12776,0
12780,0
12782,0
12790,0
12805,0
12822,0
12856,0
12859,0
12879,0
12886,0
12887,0
12893,0
12897,0
12906,0
12915,0
12918,0
12920,0
12924,0
12936,0
12941,0
12954,0
12970,0
12972,0
12995,0
12996,0
13014,0
13017,0
13020,0
13033,0
13044,0
13050,0
13054,0
13057,0
13071,0
13084,0
13115,0
13131,0
13134,0
13141,0
13151,0
13171,0
13182,0
13187,0
13193,0
13199,0
13207,0
13211,0
13224,0
13240,0
13255,0
13263,0
13275,0
13284,0
13287,0
13295,0
13317,0
13319,0
13336,0
13337,0
13340,0
13355,0
13372,0
13387,0
13404,0
13405,0
13406,0
13413,0
13433,0
13442,0
13444,0
13452,0
13458,0
13465,0
13466,0
13474,0
13481,0
13534,0
13551,0
13563,0
13605,0
13608,0
13609,0
13620,0
13622,0
13635,0
13639,0
13659,0
13664,0
13678,0
13692,0
13697,0
13753,0
13756,0
13780,0
13791,0
13839,0
13840,0
13849,0
13867,0
13872,0
13874,0
13906,0
13915,0
13916,0
13917,0
13962,0
13964,0
13969,0
13972,0
13999,0
14002,0
14007,0
14013,0
14018,0
14026,0
14035,0
14039,0
14047,0
14063,0
14068,0
14079,0
14080,0
14087,0
14089,0
14094,0
14100,0
14101,0
14115,0
14118,0
14125,0
14159,0
14167,0
14174,0
14176,0
14190,0
14207,0
14215,0
14238,0
14259,0
14278,0
14279,0
14292,0
14293,0
14306,0
14329,0
14330,0
14342,0
14345,0
14348,0
14349,0
14354,0
14361,0
14371,0
14408,0
14410,0
14426,0
14432,0
14442,0
14450,0
14452,0
14469,0
14470,0
14481,0
14483,0
14484,0
14488,0
14491,0
14492,0
14502,0
14507,0
14517,0
14525,0
14535,0
14545,0
14547,0
14552,0
14554,0
14556,0
14558,0
14559,0
14575,0
14588,0
14590,0
14593,0
14598,0
14602,0
14613,0
14630,0
14633,0
14645,0
14648,0
14652,0
14661,0
14664,0
14666,0
14668,0
14680,0
14684,0
14691,0
14696,0
14701,0
14715,0
14717,0
14718,0
14741,0
14742,0
14744,0
14748,0
14754,0
14764,0
14765,0
14774,0
14781,0
14785,0
14790,0
14795,0
14801,0
14803,0
14815,0
14838,0
14841,0
14842,0
14856,0
14858,0
14859,0
14864,0
14868,0
14881,0
14901,0
14947,0
14962,0
14974,0
14976,0
14977,0
14981,0
14987,0
14992,0
14993,0
15022,0
15035,0
15041,0
15052,0
15057,0
15067,0
15069,0
15070,0
15074,0
15078,0
15084,0
15086,0
15090,0
15105,0
15111,0
15112,0
15115,0
15125,0
15132,0
15134,0
15143,0
15158,0
15171,0
15183,0
15193,0
15194,0
15216,0
15220,0
15225,0
15232,0
15236,0
15238,0
15248,0
15252,0
15254,0
15261,0
15264,0
15285,0
15292,0
15302,0
15306,0
15307,0
15323,0
15327,0
15333,0
15341,0
15346,0
15364,0
15366,0
15375,0
15387,0
15401,0
15407,0
15424,0
15439,0
15459,0
15460,0
15464,0
15474,0
15475,0
15479,0
15481,0
15485,0
15494,0
15497,0
15518,0
15523,0
15529,0
15539,0
15544,0
15558,0
15567,0
15569,0
15574,0
15610,0
15614,0
15647,0
15648,0
15650,0
15655,0
15657,0
15664,0
15667,0
15671,0
15678,0
15683,0
15693,0
15695,0
15696,0
15721,0
15726,0
15737,0
15743,0
15760,0
15764,0
15775,0
15777,0
15800,0
15803,0
15821,0
15824,0
15840,0
15841,0
15842,0
15865,0
15867,0
15868,0
15869,0
15873,0
15881,0
15889,0
15891,0
15903,0
15907,0
15917,0
15928,0
15937,0
15945,0
15963,0
15968,0
15987,0
15991,0
16023,0
16046,0
16050,0
16053,0
16058,0
16070,0
16072,0
16073,0
16082,0
16084,0
16086,0
16090,0
16091,0
16094,0
16096,0
16103,0
16110,0
16137,0
16147,0
16158,0
16190,0
16192,0
16214,0
16215,0
16225,0
16228,0
16229,0
16242,0
16243,0
16253,0
16276,0
16279,0
16280,0
16287,0
16290,0
16304,0
16307,0
16312,0
16319,0
16343,0
16355,0
16375,0
16380,0
16392,0
16393,0
16399,0
16409,0
16417,0
16428,0
16433,0
16438,0
16449,0
16459,0
16482,0
16483,0
16484,0
16533,0
16543,0
16545,0
16546,0
16554,0
16560,0
16564,0
16569,0
16593,0
16604,0
16612,0
16633,0
16636,0
16637,0
16656,0
16659,0
16661,0
16675,0
16680,0
16681,0
16682,0
16704,0
16706,0
16711,0
16712,0
16729,0
16732,0
16736,0
16742,0
16746,0
16751,0
16761,0
16771,0
16787,0
16791,0
16795,0
16801,0
16812,0
16827,0
16839,0
16846,0
16856,0
16865,0
16871,0
16884,0
16893,0
16894,0
16896,0
16923,0
16926,0
16927,0
16929,0
16931,0
16935,0
16936,0
16950,0
16951,0
16956,0
16972,0
16981,0
16982,0
16990,0
16991,0
16997,0
17020,0
17023,0
17036,0
17047,0
17049,0
17052,0
17066,0
17078,0
17098,0
17099,0
17108,0
17117,0
17128,0
17130,0
17133,0
17138,0
17145,0
17147,0
17157,0
17168,0
17181,0
17183,0
17190,0
17208,0
17215,0
17219,0
17224,0
17258,0
17259,0
17262,0
17272,0
17274,0
17294,0
17308,0
17309,0
17313,0
17314,0
17332,0
17365,0
17373,0
17385,0
17410,0
17414,0
17419,0
17429,0
17430,0
17435,0
17441,0
17443,0
17447,0
17471,0
17474,0
17476,0
17477,0
17481,0
17482,0
17488,0
17511,0
17512,0
17521,0
17524,0
17544,0
17553,0
17555,0
17558,0
17565,0
17566,0
17576,0
17582,0
17597,0
17608,0
17621,0
17647,0
17652,0
17667,0
17677,0
17679,0
17704,0
17723,0
17729,0
17734,0
17742,0
17747,0
17756,0
17769,0
17781,0
17783,0
17788,0
17794,0
17795,0
17800,0
17805,0
17822,0
17830,0
17832,0
17849,0
17852,0
17856,0
17860,0
17864,0
17867,0
17892,0
17903,0
17911,0
17916,0
17918,0
17921,0
17923,0
17924,0
17925,0
17926,0
17929,0
17944,0
17946,0
17959,0
17961,0
17968,0
17975,0
18004,0
18009,0
18032,0
18033,0
18047,0
18054,0
18055,0
18067,0
18068,0
18083,0
18097,0
18100,0
18122,0
18123,0
18126,0
18127,0
18139,0
18156,0
18163,0
18164,0
18174,0
18175,0
18184,0
18189,0
18210,0
18211,0
18220,0
18233,0
18261,0
18269,0
18292,0
18296,0
18306,0
18316,0
18321,0
18322,0
18323,0
18328,0
18335,0
18348,0
18357,0
18358,0
18370,0
18372,0
18374,0
18401,0
18413,0
18437,0
18439,0
18466,0
18489,0
18491,0
18493,0
18504,0
18507,0
18509,0
18517,0
18522,0
18523,0
18534,0
18536,0
18541,0
18545,0
18556,0
18563,0
18564,0
18577,0
18590,0
18624,0
18627,0
18636,0
18640,0
18647,0
18687,0
18688,0
18713,0
18722,0
18728,0
18743,0
18744,0
18751,0
18755,0
18757,0
18763,0
18764,0
18767,0
18774,0
18778,0
18785,0
18801,0
18802,0
18819,0
18834,0
18849,0
18859,0
18874,0
18884,0
18909,0
18916,0
18933,0
18937,0
18956,0
18961,0
18962,0
18970,0
18976,0
18987,0
18996,0
18997,0
18998,0
18999,0
19011,0
19030,0
19031,0
19037,0
19044,0
19045,0
19062,0
19080,0
19085,0
19095,0
19097,0
19105,0
19136,0
19159,0
19168,0
19179,0
19188,0
19202,0
19207,0
19211,0
19212,0
19216,0
19226,0
19254,0
19267,0
19273,0
19274,0
19278,0
19295,0
19310,0
19322,0
19327,0
19342,0
19343,0
19344,0
19364,0
19365,0
19367,0
19371,0
19372,0
19394,0
19401,0
19412,0
19417,0
19423,0
19427,0
19431,0
19445,0
19461,0
19480,0
19493,0
19498,0
19516,0
19532,0
19542,0
19546,0
19547,0
19561,0
19576,0
19586,0
19592,0
19593,0
19616,0
19635,0
19638,0
19639,0
19641,0
19648,0
19660,0
19665,0
19681,0
19685,0
19687,0
19689,0
19695,0
19706,0
19709,0
19728,0
19735,0
19745,0
19755,0
19759,0
19762,0
19764,0
19777,0
19780,0
19803,0
19807,0
19812,0
19819,0
19825,0
19827,0
19828,0
19835,0
19839,0
19861,0
19871,0
19881,0
19886,0
19892,0
19906,0
19912,0
19914,0
19915,0
19923,0
19924,0
19926,0
19928,0
19933,0
19934,0
19936,0
19941,0
19945,0
19946,0
19957,0
19959,0
19965,0
19973,0
19983,0
19990,0
20008,0
20012,0
20014,0
20032,0
20038,0
20083,0
20088,0
20090,0
20091,0
20121,0
20135,0
20141,0
20165,0
20170,0
20201,0
20207,0
20222,0
20229,0
20236,0
20248,0
20255,0
20279,0
20284,0
20294,0
20306,0
20308,0
20331,0
20333,0
20338,0
20347,0
20374,0
20383,0
20384,0
20387,0
20389,0
20395,0
20398,0
20399,0
20419,0
20421,0
20427,0
20441,0
20446,0
20477,0
20491,0
20494,0
20500,0
20505,0
20514,0
20523,0
20526,0
20527,0
20539,0
20545,0
20553,0
20558,0
20565,0
20569,0
20578,0
20582,0
20605,0
20608,0
20611,0
20613,0
20639,0
20654,0
20659,0
20668,0
20675,0
20685,0
20690,0
20692,0
20699,0
20706,0
20708,0
20727,0
20733,0
20750,0
20769,0
20792,0
20795,0
20796,0
20816,0
20823,0
20890,0
20895,0
20908,0
20917,0
20919,0
20939,0
20941,0
20943,0
20949,0
20954,0
20967,0
20981,0
20984,0
21023,0
21034,0
21048,0
21051,0
21086,0
21097,0
21117,0
21122,0
21126,0
21131,0
21135,0
21143,0
21153,0
21167,0
21168,0
21173,0
21185,0
21193,0
21196,0
21206,0
21211,0
21220,0
21234,0
21245,0
21248,0
21269,0
21281,0
21282,0
21286,0
21290,0
21302,0
21318,0
21325,0
21326,0
21332,0
21333,0
21357,0
21358,0
21363,0
21373,0
21376,0
21379,0
21380,0
21382,0
21416,0
21438,0
21439,0
21442,0
21446,0
21465,0
21466,0
21472,0
21473,0
21481,0
21482,0
21506,0
21528,0
21542,0
21551,0
21564,0
21575,0
21577,0
21578,0
21580,0
21593,0
21597,0
21603,0
21617,0
21619,0
21624,0
21629,0
21642,0
21644,0
21655,0
21669,0
21670,0
21690,0
21705,0
21717,0
21719,0
21722,0
21737,0
21751,0
21755,0
21756,0
21771,0
21773,0
21784,0
21802,0
21809,0
21824,0
21828,0
21829,0
21833,0
21870,0
21873,0
21884,0
21886,0
21916,0
21919,0
21920,0
21921,0
21930,0
21946,0
21951,0
21952,0
21976,0
21977,0
21987,0
21996,0
21998,0
22001,0
22003,0
22005,0
22010,0
22013,0
22027,0
22044,0
22051,0
22052,0
22053,0
22073,0
22097,0
22101,0
22122,0
22145,0
22146,0
22158,0
22159,0
22171,0
22182,0
22186,0
22191,0
22193,0
22203,0
22207,0
22236,0
22252,0
22257,0
22270,0
22281,0
22286,0
22306,0
22308,0
22313,0
22343,0
22359,0
22385,0
22391,0
22392,0
22396,0
22398,0
22406,0
22410,0
22427,0
22433,0
22435,0
22448,0
22460,0
22466,0
22469,0
22481,0
22491,0
22492,0
22512,0
22537,0
22540,0
22555,0
22569,0
22594,0
22595,0
22603,0
22610,0
22639,0
22697,0
22710,0
22725,0
22731,0
22763,0
22766,0
22772,0
22773,0
22780,0
22781,0
22783,0
22786,0
22788,0
22806,0
22808,0
22813,0
22814,0
22822,0
22829,0
22851,0
22855,0
22873,0
22874,0
22881,0
22884,0
22885,0
22890,0
22915,0
22920,0
22929,0
22933,0
22935,0
22941,0
22947,0
22961,0
22963,0
22969,0
22971,0
22974,0
22996,0
22997,0
23006,0
23010,0
23016,0
23037,0
23040,0
23054,0
23059,0
23075,0
23084,0
23088,0
23106,0
23110,0
23121,0
23129,0
23160,0
23170,0
23188,0
23189,0
23193,0
23205,0
23237,0
23243,0
23247,0
23281,0
23285,0
23302,0
23319,0
23333,0
23343,0
23354,0
23361,0
23363,0
23367,0
23382,0
23384,0
23395,0
23401,0
23409,0
23420,0
23428,0
23430,0
23432,0
23436,0
23437,0
23449,0
23462,0
23468,0
23476,0
23484,0
23485,0
23487,0
23489,0
23494,0
23502,0
23508,0
23514,0
23518,0
23552,0
23555,0
23556,0
23563,0
23568,0
23570,0
23574,0
23576,0
23577,0
23598,0
23608,0
23612,0
23625,0
23626,0
23627,0
23631,0
23640,0
23649,0
23651,0
23666,0
23672,0
23684,0
23688,0
23708,0
23761,0
23766,0
23790,0
23812,0
23821,0
23832,0
23833,0
23871,0
23875,0
23879,0
23887,0
23889,0
23896,0
23913,0
23918,0
23920,0
23922,0
23943,0
23953,0
23958,0
24007,0
24011,0
24012,0
24014,0
24030,0
24042,0
24045,0
24046,0
24051,0
24054,0
24058,0
24061,0
24067,0
24070,0
24076,0
24080,0
24094,0
24099,0
24110,0
24116,0
24117,0
24120,0
24162,0
24189,0
24222,0
24223,0
24232,0
24233,0
24235,0
24261,0
24265,0
24283,0
24284,0
24286,0
24291,0
24294,0
24303,0
24327,0
24359,0
24370,0
24376,0
24385,0
24399,0
24419,0
24429,0
24446,0
24451,0
24467,0
24473,0
24485,0
24487,0
24489,0
24492,0
24499,0
24506,0
24508,0
24517,0
24536,0
24545,0
24550,0
24564,0
24567,0
24604,0
24608,0
24626,0
24634,0
24635,0
24638,0
24669,0
24671,0
24696,0
24702,0
24706,0
24722,0
24725,0
24731,0
24733,0
24734,0
24754,0
24760,0
24762,0
24774,0
24781,0
24797,0
24799,0
24820,0
24822,0
24823,0
24824,0
24842,0
24849,0
24852,0
24861,0
24881,0
24887,0
24908,0
24925,0
24934,0
24941,0
24966,0
24974,0
24976,0
24980,0
24992,0
25009,0
25017,0
25019,0
25021,0
25052,0
25080,0
25085,0
25129,0
25134,0
25146,0
25155,0
25166,0
25178,0
25189,0
25190,0
25194,0
25207,0
25216,0
25224,0
25230,0
25251,0
25253,0
25259,0
25269,0
25277,0
25282,0
25295,0
25310,0
25311,0
25313,0
25316,0
25320,0
25331,0
25336,0
25350,0
25368,0
25369,0
25374,0
25384,0
25387,0
25420,0
25433,0
25435,0
25452,0
25454,0
25455,0
25475,0
25487,0
25490,0
25495,0
25498,0
25534,0
25544,0
25567,0
25574,0
25587,0
25596,0
25597,0
25599,0
25644,0
25654,0
25662,0
25665,0
25670,0
25678,0
25679,0
25681,0
25682,0
25685,0
25690,0
25727,0
25728,0
25737,0
25747,0
25749,0
25757,0
25778,0
25795,0
25799,0
25807,0
25814,0
25823,0
25839,0
25845,0
25847,0
25852,0
25869,0
25885,0
25897,0
25905,0
25921,0
25946,0
25948,0
25951,0
25979,0
25981,0
25989,0
25992,0
25995,0
26002,0
26003,0
26024,0
26035,0
26063,0
26064,0
26074,0
26078,0
26079,0
26086,0
26100,0
26101,0
26118,0
26120,0
26134,0
26138,0
26139,0
26144,0
26150,0
26155,0
26157,0
26160,0
26189,0
26191,0
26192,0
26193,0
26200,0
26203,0
26219,0
26223,0
26249,0
26259,0
26264,0
26268,0
26284,0
26289,0
26301,0
26302,0
26306,0
26317,0
26320,0
26349,0
26355,0
26383,0
26395,0
26397,0
26401,0
26403,0
26406,0
26407,0
26409,0
26410,0
26415,0
26448,0
26465,0
26466,0
26482,0
26494,0
26497,0
26503,0
26532,0
26535,0
26544,0
26549,0
26550,0
26577,0
26598,0
26610,0
26613,0
26620,0
26649,0
26650,0
26656,0
26669,0
26671,0
26675,0
26679,0
26684,0
26695,0
26697,0
26708,0
26739,0
26751,0
26779,0
26780,0
26799,0
26803,0
26815,0
26823,0
26827,0
26847,0
26850,0
26853,0
26865,0
26872,0
26884,0
26906,0
26925,0
26956,0
26959,0
26960,0
26974,0
26975,0
26988,0
27012,0
27022,0
27033,0
27041,0
27042,0
27043,0
27062,0
27078,0
27090,0
27102,0
27120,0
27127,0
27148,0
27154,0
27176,0
27179,0
27184,0
27199,0
27210,0
27224,0
27234,0
27240,0
27247,0
27248,0
27253,0
27256,0
27284,0
27290,0
27291,0
27301,0
27303,0
27304,0
27307,0
27312,0
27313,0
27315,0
27316,0
27324,0
27329,0
27381,0
27389,0
27431,0
27435,0
27445,0
27454,0
27457,0
27458,0
27461,0
27483,0
27499,0
27506,0
27526,0
27531,0
27565,0
27584,0
27594,0
27597,0
27605,0
27609,0
27638,0
27659,0
27665,0
27669,0
27685,0
27687,0
27729,0
27735,0
27749,0
27761,0
27768,0
27770,0
27783,0
27798,0
27801,0
27806,0
27818,0
27830,0
27833,0
27844,0
27846,0
27856,0
27863,0
27864,0
27869,0
27875,0
27888,0
27890,0
27895,0
27941,0
27950,0
27957,0
27962,0
27974,0
27981,0
27983,0
27993,0
27999,0
28020,0
28021,0
28024,0
28035,0
28062,0
28070,0
28072,0
28091,0
28097,0
28113,0
28123,0
28126,0
28130,0
28134,0
28143,0
28167,0
28169,0
28179,0
28191,0
28193,0
28198,0
28221,0
28227,0
28246,0
28265,0
28273,0
28277,0
28287,0
28295,0
28297,0
28300,0
28308,0
28327,0
28331,0
28333,0
28341,0
28351,0
28357,0
28361,0
28371,0
28373,0
28407,0
28433,0
28439,0
28446,0
28452,0
28459,0
28489,0
28516,0
28524,0
28532,0
28534,0
28555,0
28556,0
28562,0
28568,0
28576,0
28584,0
28615,0
28629,0
28637,0
28656,0
28669,0
28689,0
28716,0
28727,0
28731,0
28733,0
28761,0
28795,0
28796,0
28833,0
28841,0
28845,0
28852,0
28859,0
28860,0
28881,0
28898,0
28912,0
28919,0
28934,0
28947,0
28948,0
28953,0
28963,0
28978,0
28990,0
28991,0
28999,0
29002,0
29005,0
29011,0
29027,0
29030,0
29032,0
29047,0
29056,0
29061,0
29078,0
29079,0
29080,0
29081,0
29090,0
29095,0
29103,0
29114,0
29117,0
29126,0
29166,0
29170,0
29171,0
29177,0
29187,0
29195,0
29211,0
29221,0
29229,0
29232,0
29239,0
29249,0
29264,0
29275,0
29287,0
29296,0
29341,0
29377,0
29378,0
29392,0
29402,0
29441,0
29442,0
29452,0
29459,0
29464,0
29466,0
29467,0
29468,0
29471,0
29477,0
29494,0
29495,0
29501,0
29505,0
29519,0
29525,0
29532,0
29553,0
29560,0
29562,0
29575,0
29580,0
29581,0
29630,0
29654,0
29662,0
29677,0
29682,0
29694,0
29718,0
29725,0
29738,0
29742,0
29744,0
29751,0
29775,0
29789,0
29800,0
29804,0
29810,0
29811,0
29827,0
29830,0
29832,0
29861,0
29864,0
29870,0
29877,0
29879,0
29886,0
29904,0
29912,0
29915,0
29918,0
29920,0
29921,0
29953,0
29959,0
29961,0
29968,0
29984,0
29989,0
29992,0
29997,0
30011,0
30013,0
30024,0
30033,0
30036,0
30046,0
30049,0
30053,0
30054,0
30059,0
30076,0
30081,0
30088,0
30098,0
30103,0
30113,0
30119,0
30126,0
30133,0
30136,0
30139,0
30152,0
30164,0
30175,0
30179,0
30193,0
30196,0
30213,0
30223,0
30237,0
30240,0
30246,0
30252,0
30256,0
30268,0
30286,0
30294,0
30311,0
30318,0
30324,0
30326,0
30335,0
30344,0
30347,0
30383,0
30395,0
30401,0
30412,0
30415,0
30431,0
30432,0
30443,0
30444,0
30454,0
30466,0
30475,0
30501,0
30534,0
30543,0
30547,0
30548,0
30557,0
30571,0
30583,0
30592,0
30604,0
30612,0
30623,0
30634,0
30650,0
30652,0
30658,0
30678,0
30684,0
30698,0
30700,0
30716,0
30730,0
30735,0
30736,0
30743,0
30749,0
30750,0
30757,0
30783,0
30802,0
30812,0
30813,0
30814,0
30816,0
30819,0
30824,0
30830,0
30835,0
30848,0
30867,0
30899,0
30916,0
30928,0
30929,0
30939,0
30954,0
30958,0
30974,0
31004,0
31009,0
31010,0
31014,0
31029,0
31033,0
31040,0
31041,0
31058,0
31059,0
31086,0
31090,0
31097,0
31108,0
31143,0
31154,0
31161,0
31170,0
31173,0
31175,0
31180,0
31191,0
31212,0
31219,0
31220,0
31241,0
31243,0
31277,0
31309,0
31311,0
31321,0
31329,0
31343,0
31360,0
31382,0
31385,0
31406,0
31409,0
31416,0
31421,0
31434,0
31449,0
31459,0
31473,0
31483,0
31506,0
31507,0
31515,0
31550,0
31566,0
31573,0
31585,0
31594,0
31608,0
31609,0
31621,0
31626,0
31641,0
31644,0
31655,0
31673,0
31678,0
31682,0
31688,0
31689,0
31699,0
31701,0
31746,0
31750,0
31755,0
31756,0
31758,0
31768,0
31812,0
31823,0
31830,0
31832,0
31843,0
31845,0
31869,0
31872,0
31880,0
31885,0
31886,0
31893,0
31898,0
31911,0
31917,0
31945,0
31948,0
31953,0
31957,0
31968,0
31978,0
31984,0
31988,0
31990,0
31999,0
32007,0
32009,0
32022,0
32039,0
32047,0
32061,0
32081,0
32090,0
32099,0
32119,0
32133,0
32138,0
32145,0
32151,0
32165,0
32175,0
32177,0
32178,0
32183,0
32185,0
32204,0
32230,0
32239,0
32242,0
32243,0
32249,0
32252,0
32253,0
32296,0
32301,0
32312,0
32319,0
32338,0
32355,0
32357,0
32373,0
32374,0
32388,0
32395,0
32408,0
32418,0
32429,0
32434,0
32443,0
32449,0
32450,0
32453,0
32456,0
32457,0
32459,0
32462,0
32463,0
32464,0
32467,0
32470,0
32474,0
32477,0
32484,0
32495,0
32496,0
32500,0
32501,0
32506,0
32509,0
32510,0
32520,0
32530,0
32534,0
32535,0
32545,0
32579,0
32583,0
32585,0
32588,0
32593,0
32599,0
32602,0
32609,0
32621,0
32622,0
32625,0
32629,0
32670,0
32672,0
32695,0
32701,0
32721,0
32725,0
32734,0
32743,0
32752,0
32761,0
32768,0
32770,0
32802,0
32807,0
32816,0
32818,0
32834,0
32843,0
32846,0
32879,0
32886,0
32888,0
32891,0
32898,0
32906,0
32911,0
32915,0
32917,0
32920,0
32924,0
32928,0
32944,0
32945,0
32953,0
32970,0
32972,0
32975,0
32997,0
33010,0
33021,0
33026,0
33030,0
33066,0
33069,0
33079,0
33080,0
33091,0
33098,0
33104,0
33105,0
33108,0
33112,0
33137,0
33139,0
33150,0
33154,0
33164,0
33167,0
33175,0
33207,0
33209,0
33213,0
33216,0
33217,0
33221,0
33244,0
33254,0
33264,0
33266,0
33267,0
33277,0
33301,0
33329,0
33362,0
33376,0
33379,0
33388,0
33389,0
33424,0
33432,0
33433,0
33446,0
33476,0
33477,0
33484,0
33493,0
33496,0
33499,0
33502,0
33504,0
33512,0
33520,0
33521,0
33541,0
33549,0
33562,0
33569,0
33579,0
33584,0
33595,0
33600,0
33609,0
33615,0
33617,0
33635,0
33648,0
33650,0
33651,0
33660,0
33722,0
33734,0
33735,0
33742,0
33748,0
33755,0
33758,0
33759,0
33779,0
33788,0
33798,0
33807,0
33812,0
33821,0
33822,0
33823,0
33830,0
33832,0
33840,0
33847,0
33856,0
33876,0
33883,0
33898,0
33904,0
33910,0
33924,0
33933,0
33936,0
33937,0
33941,0
33985,0
34026,0
34041,0
34050,0
34067,0
34078,0
34108,0
34116,0
34131,0
34147,0
34153,0
34164,0
34171,0
34193,0
34194,0
34200,0
34231,0
34235,0
34257,0
34258,0
34263,0
34268,0
34269,0
34273,0
34289,0
34298,0
34300,0
34315,0
34321,0
34332,0
34338,0
34349,0
34358,0
34402,0
34418,0
34421,0
34439,0
34444,0
34456,0
34464,0
34477,0
34493,0
34507,0
34522,0
34523,0
34540,0
34550,0
34552,0
34556,0
34557,0
34558,0
34565,0
34598,0
34601,0
34608,0
34618,0
34622,0
34624,0
34629,0
34645,0
34649,0
34650,0
34655,0
34658,0
34673,0
34679,0
34681,0
34702,0
34727,0
34746,0
34757,0
34758,0
34761,0
34765,0
34768,0
34772,0
34773,0
34777,0
34783,0
34787,0
34793,0
34795,0
34803,0
34808,0
34820,0
34829,0
34837,0
34842,0
34852,0
34860,0
34867,0
34872,0
34875,0
34876,0
34899,0
34907,0
34910,0
34920,0
34928,0
34943,0
34944,0
34958,0
34962,0
34975,0
34986,0
34992,0
35013,0
35016,0
35050,0
35067,0
35068,0
35075,0
35101,0
35108,0
35115,0
35134,0
35139,0
35145,0
35153,0
35154,0
35166,0
35173,0
35174,0
35185,0
35203,0
35214,0
35226,0
35228,0
35230,0
35234,0
35254,0
35267,0
35269,0
35277,0
35283,0
35294,0
35299,0
35304,0
35317,0
35321,0
35324,0
35331,0
35335,0
35340,0
35347,0
35375,0
35392,0
35405,0
35411,0
35413,0
35416,0
35421,0
35435,0
35451,0
35459,0
35461,0
35476,0
35485,0
35491,0
35495,0
35517,0
35529,0
35533,0
35556,0
35563,0
35566,0
35571,0
35598,0
35602,0
35603,0
35604,0
35611,0
35614,0
35625,0
35636,0
35638,0
35645,0
35647,0
35658,0
35664,0
35674,0
35677,0
35700,0
35721,0
35722,0
35746,0
35750,0
35759,0
35763,0
35764,0
35777,0
35778,0
35781,0
35800,0
35803,0
35806,0
35819,0
35833,0
35845,0
35856,0
35857,0
35889,0
35893,0
35896,0
35899,0
35903,0
35906,0
35910,0
35917,0
35922,0
35923,0
35938,0
35957,0
35982,0
35983,0
35995,0
36003,0
36006,0
36008,0
36011,0
36013,0
36018,0
36026,0
36027,0
36059,0
36065,0
36067,0
36080,0
36083,0
36085,0
36090,0
36094,0
36097,0
36126,0
36142,0
36146,0
36169,0
36173,0
36179,0
36185,0
36193,0
36197,0
36213,0
36215,0
36226,0
36228,0
36240,0
36244,0
36252,0
36256,0
36260,0
36270,0
36279,0
36281,0
36294,0
36315,0
36323,0
36327,0
36332,0
36341,0
36354,0
36357,0
36373,0
36374,0
36378,0
36380,0
36390,0
36393,0
36399,0
36408,0
36424,0
36425,0
36430,0
36431,0
36459,0
36462,0
36471,0
36512,0
36538,0
36540,0
36573,0
36579,0
36580,0
36587,0
36589,0
36594,0
36609,0
36621,0
36623,0
36624,0
36636,0
36648,0
36669,0
36670,0
36694,0
36703,0
36704,0
36722,0
36724,0
36726,0
36735,0
36750,0
36770,0
36772,0
36773,0
36776,0
36809,0
36832,0
36854,0
36867,0
36880,0
36890,0
36898,0
36904,0
36919,0
36932,0
36936,0
36940,0
36965,0
36976,0
36991,0
37010,0
37018,0
37020,0
37032,0
37033,0
37034,0
37040,0
37041,0
37043,0
37049,0
37058,0
37067,0
37075,0
37101,0
37114,0
37115,0
37136,0
37149,0
37157,0
37158,0
37164,0
37165,0
37170,0
37173,0
37175,0
37180,0
37184,0
37196,0
37214,0
37218,0
37232,0
37245,0
37247,0
37263,0
37269,0
37275,0
37277,0
37288,0
37289,0
37297,0
37305,0
37314,0
37316,0
37352,0
37357,0
37361,0
37365,0
37366,0
37375,0
37381,0
37390,0
37392,0
37401,0
37419,0
37432,0
37433,0
37452,0
37477,0
37478,0
37482,0
37492,0
37493,0
37514,0
37527,0
37550,0
37563,0
37569,0
37577,0
37578,0
37587,0
37588,0
37597,0
37603,0
37605,0
37623,0
37648,0
37673,0
37690,0
37696,0
37699,0
37714,0
37717,0
37730,0
37744,0
37765,0
37769,0
37770,0
37774,0
37789,0
37791,0
37792,0
37796,0
37821,0
37828,0
37832,0
37835,0
37874,0
37876,0
37885,0
37898,0
37901,0
37902,0
37905,0
37920,0
37924,0
37933,0
37938,0
37951,0
37970,0
37975,0
37985,0
38000,0
38001,0
38026,0
38050,0
38056,0
38060,0
38065,0
38071,0
38073,0
38085,0
38089,0
38090,0
38122,0
38131,0
38136,0
38140,0
38146,0
38150,0
38162,0
38189,0
38195,0
38200,0
38202,0
38229,0
38243,0
38244,0
38266,0
38276,0
38282,0
38312,0
38325,0
38330,0
38332,0
38342,0
38344,0
38347,0
38356,0
38372,0
38389,0
38408,0
38426,0
38431,0
38438,0
38450,0
38453,0
38480,0
38483,0
38489,0
38499,0
38523,0
38525,0
38530,0
38540,0
38541,0
38558,0
38586,0
38596,0
38600,0
38612,0
38614,0
38615,0
38625,0
38650,0
38653,0
38654,0
38655,0
38658,0
38668,0
38674,0
38699,0
38712,0
38720,0
38735,0
38736,0
38741,0
38751,0
38752,0
38759,0
38766,0
38779,0
38782,0
38785,0
38789,0
38810,0
38813,0
38822,0
38823,0
38832,0
38836,0
38839,0
38852,0
38857,0
38860,0
38895,0
38897,0
38920,0
38921,0
38926,0
38935,0
38942,0
38944,0
38946,0
38958,0
38971,0
38976,0
38998,0
39002,0
39029,0
39038,0
39041,0
39061,0
39068,0
39069,0
39078,0
39086,0
39088,0
39094,0
39099,0
39111,0
39119,0
39124,0
39143,0
39155,0
39167,0
39173,0
39177,0
39184,0
39202,0
39210,0
39232,0
39233,0
39238,0
39250,0
39261,0
39280,0
39286,0
39293,0
39298,0
39318,0
39319,0
39329,0
39335,0
39339,0
39348,0
39362,0
39373,0
39376,0
39383,0
39389,0
39399,0
39402,0
39412,0
39413,0
39431,0
39438,0
39466,0
39467,0
39470,0
39474,0
39485,0
39492,0
39502,0
39506,0
39522,0
39533,0
39541,0
39545,0
39571,0
39576,0
39584,0
39598,0
39612,0
39617,0
39618,0
39629,0
39630,0
39640,0
39657,0
39662,0
39688,0
39690,0
39713,0
39720,0
39741,0
39745,0
39746,0
39754,0
39770,0
39772,0
39817,0
39826,0
39838,0
39846,0
39861,0
39864,0
39874,0
39880,0
39882,0
39897,0
39904,0
39907,0
39919,0
39920,0
39926,0
39944,0
39948,0
39951,0
39993,0
39996,0
40008,0
40012,0
40023,0
40028,0
40040,0
40042,0
40048,0
40076,0
40085,0
40087,0
40091,0
40096,0
40105,0
40109,0
40113,0
40123,0
40124,0
40133,0
40178,0
40195,0
40204,0
40216,0
40221,0
40226,0
40242,0
40249,0
40254,0
40258,0
40259,0
40285,0
40303,0
40311,0
40320,0
40324,0
40347,0
40370,0
40371,0
40376,0
40379,0
40381,0
40387,0
40401,0
40419,0
40436,0
40450,0
40462,0
40478,0
40491,0
40510,0
40511,0
40524,0
40527,0
40534,0
40535,0
40538,0
40544,0
40545,0
40555,0
40567,0
40569,0
40570,0
40587,0
40595,0
40605,0
40607,0
40609,0
40612,0
40619,0
40640,0
40651,0
40663,0
40672,0
40673,0
40674,0
40686,0
40692,0
40707,0
40721,0
40728,0
40734,0
40743,0
40752,0
40755,0
40762,0
40778,0
40782,0
40784,0
40785,0
40789,0
40796,0
40812,0
40818,0
40819,0
40820,0
40831,0
40837,0
40846,0
40847,0
40848,0
40855,0
40869,0
40897,0
40903,0
40905,0
40906,0
40907,0
40921,0
40925,0
40933,0
40937,0
40943,0
40944,0
40959,0
40962,0
40979,0
40985,0
40991,0
40992,0
40993,0
40996,0
41000,0
41002,0
41010,0
41011,0
41016,0
41021,0
41032,0
41056,0
41068,0
41091,0
41097,0
41106,0
41117,0
41122,0
41127,0
41129,0
41137,0
41150,0
41162,0
41168,0
41176,0
41179,0
41226,0
41230,0
41233,0
41239,0
41242,0
41258,0
41263,0
41271,0
41282,0
41283,0
41286,0
41292,0
41307,0
41315,0
41336,0
41344,0
41350,0
41361,0
41362,0
41376,0
41393,0
41396,0
41400,0
41412,0
41432,0
41438,0
41439,0
41440,0
41451,0
41452,0
41455,0
41473,0
41480,0
41483,0
41495,0
41496,0
41512,0
41519,0
41540,0
41563,0
41565,0
41570,0
41578,0
41579,0
41582,0
41598,0
41605,0
41617,0
41643,0
41645,0
41667,0
41679,0
41683,0
41688,0
41698,0
41700,0
41717,0
41723,0
41725,0
41729,0
41731,0
41732,0
41759,0
41774,0
41776,0
41783,0
41798,0
41805,0
41834,0
41836,0
41837,0
41847,0
41850,0
41863,0
41873,0
41881,0
41887,0
41901,0
41903,0
41922,0
41923,0
41924,0
41935,0
41937,0
41940,0
41947,0
41953,0
41977,0
41990,0
42005,0
42008,0
42009,0
42016,0
42018,0
42026,0
42040,0
42050,0
42054,0
42074,0
42078,0
42089,0
42102,0
42112,0
42123,0
42132,0
42159,0
42160,0
42163,0
42173,0
42177,0
42182,0
42197,0
42198,0
42205,0
42229,0
42253,0
42256,0
42259,0
42262,0
42271,0
42283,0
42285,0
42286,0
42303,0
42330,0
42336,0
42338,0
42360,0
42362,0
42367,0
42372,0
42375,0
42413,0
42416,0
42419,0
42431,0
42433,0
42444,0
42465,0
42471,0
42487,0
42489,0
42497,0
42531,0
42542,0
42550,0
42562,0
42581,0
42597,0
42609,0
42617,0
42620,0
42623,0
42648,0
42658,0
42668,0
42679,0
42682,0
42683,0
42689,0
42720,0
42732,0
42743,0
42749,0
42755,0
42765,0
42769,0
42778,0
42779,0
42793,0
42795,0
42797,0
42812,0
42823,0
42846,0
42850,0
42854,0
42875,0
42879,0
42911,0
42923,0
42927,0
42966,0
42972,0
42976,0
42992,0
42999,0
43009,0
43010,0
43032,0
43034,0
43040,0
43050,0
43053,0
43058,0
43059,0
43065,0
43068,0
43080,0
43083,0
43085,0
43086,0
43092,0
43112,0
43117,0
43134,0
43141,0
43142,0
43149,0
43160,0
43161,0
43164,0
43191,0
43207,0
43209,0
43211,0
43247,0
43249,0
43253,0
43255,0
43264,0
43276,0
43277,0
43281,0
43283,0
43287,0
43289,0
43294,0
43303,0
43307,0
43321,0
43346,0
43363,0
43365,0
43374,0
43377,0
43378,0
43379,0
43383,0
43398,0
43400,0
43405,0
43408,0
43412,0
43422,0
43425,0
43470,0
43487,0
43488,0
43489,0
43493,0
43494,0
43522,0
43525,0
43528,0
43531,0
43534,0
43547,0
43552,0
43554,0
43588,0
43590,0
43600,0
43601,0
43605,0
43612,0
43615,0
43617,0
43618,0
43619,0
43631,0
43662,0
43664,0
43674,0
43696,0
43709,0
43713,0
43720,0
43734,0
43735,0
43753,0
43759,0
43760,0
43765,0
43777,0
43778,0
43784,0
43793,0
43802,0
43816,0
43817,0
43821,0
43827,0
43837,0
43843,0
43849,0
43851,0
43861,0
43868,0
43874,0
43881,0
43895,0
43902,0
43910,0
43920,0
43985,0
43989,0
44002,0
44008,0
44009,0
44013,0
44014,0
44025,0
44029,0
44032,0
44044,0
44050,0
44058,0
44079,0
44085,0
44091,0
44095,0
44106,0
44110,0
44125,0
44145,0
44153,0
44155,0
44156,0
44166,0
44169,0
44174,0
44176,0
44182,0
44189,0
44194,0
44195,0
44198,0
44209,0
44217,0
44222,0
44223,0
44226,0
44237,0
44242,0
44263,0
44264,0
44269,0
44277,0
44278,0
44287,0
44303,0
44310,0
44326,0
44339,0
44340,0
44343,0
44356,0
44364,0
44371,0
44383,0
44389,0
44391,0
44392,0
44402,0
44407,0
44419,0
44448,0
44456,0
44459,0
44460,0
44484,0
44496,0
44510,0
44521,0
44526,0
44535,0
44544,0
44558,0
44559,0
44560,0
44567,0
44578,0
44581,0
44582,0
44584,0
44590,0
44594,0
44598,0
44612,0
44619,0
44636,0
44639,0
44662,0
44663,0
44666,0
44676,0
44677,0
44679,0
44698,0
44699,0
44708,0
44709,0
44712,0
44714,0
44720,0
44727,0
44730,0
44733,0
44735,0
44748,0
44754,0
44760,0
44761,0
44763,0
44778,0
44779,0
44781,0
44791,0
44792,0
44798,0
44799,0
44808,0
44813,0
44822,0
44826,0
44828,0
44834,0
44848,0
44855,0
44856,0
44857,0
44867,0
44874,0
44880,0
44884,0
44887,0
44888,0
44894,0
44898,0
44900,0
44902,0
44909,0
44919,0
44923,0
44928,0
44930,0
44932,0
44935,0
44949,0
44953,0
44968,0
44977,0
44981,0
44995,0
45001,0
45005,0
45006,0
45011,0
45014,0
45019,0
45026,0
45048,0
45054,0
45056,0
45112,0
45128,0
45130,0
45134,0
45135,0
45149,0
45159,0
45169,0
45174,0
45196,0
45199,0