sales_date,category_id,sales_amount
2019-01-01,B,97820
2019-01-01,T,12000
2019-01-01,A,18000
2019-01-02,T,28100
2019-01-02,B,56700
2019-01-03,B,155560
2019-01-03,A,25830
2019-01-03,T,58800
2019-01-04,B,175250
2019-01-04,A,21730
2019-01-05,A,14600
2019-01-05,B,143260
2019-01-06,B,92600
2019-01-06,A,3420
2019-01-07,B,73220
2019-01-07,A,30980
2019-01-07,T,27300
2019-01-08,B,56500
2019-01-08,A,4200
2019-01-09,B,129850
2019-01-09,A,15200
2019-01-10,B,45600
2019-01-10,A,6200
2019-01-11,B,59000
2019-01-11,A,9000
2019-01-11,T,8000
2019-01-12,B,137130
2019-01-12,A,20520
2019-01-13,T,13300
2019-01-13,B,117450
2019-01-14,B,82250
2019-01-14,A,4500
2019-01-15,A,8100
2019-01-15,B,114000
2019-01-16,A,4680
2019-01-16,B,53820
2019-01-17,T,20000
2019-01-17,B,114800
2019-01-17,A,3500
2019-01-18,B,52900
2019-01-18,T,8000
2019-01-18,A,20900
2019-01-19,B,118650
2019-01-19,A,5600
2019-01-19,T,25300
2019-01-20,B,28800
2019-01-20,A,19300
2019-01-21,T,26000
2019-01-21,B,72360
2019-01-21,A,16420
2019-01-22,B,43600
2019-01-22,A,4320
2019-01-23,B,51030
2019-01-23,T,65200
2019-01-23,A,4050
2019-01-24,B,73860
2019-01-24,T,53200
2019-01-24,A,8100
2019-01-25,T,8000
2019-01-25,B,56560
2019-01-25,A,12600
2019-01-26,A,8100
2019-01-26,T,13300
2019-01-26,B,83350
2019-01-27,B,63840
2019-01-27,A,7210
2019-01-28,B,29000
2019-01-29,B,63300
2019-01-29,A,10200
2019-01-30,T,12000
2019-01-30,A,4500
2019-01-30,B,43870
2019-01-31,A,8100
2019-01-31,T,13300
2019-01-31,B,35700
2019-02-01,B,20300
2019-02-01,A,12450
2019-02-02,B,113105
2019-02-02,T,13300
2019-02-03,B,85230
2019-02-03,A,8200
2019-02-04,A,38850
2019-02-04,B,97790
2019-02-05,A,3160
2019-02-05,B,132200
2019-02-06,T,26600
2019-02-06,B,25530
2019-02-06,A,25000
2019-02-07,B,9800
2019-02-07,A,10460
2019-02-08,A,12250
2019-02-08,B,35420
2019-02-09,A,16300
2019-02-09,B,41100
2019-02-10,B,48800
2019-02-10,A,8000
2019-02-10,T,13300
2019-02-11,B,81130
2019-02-11,T,16000
2019-02-11,A,6480
2019-02-12,B,55900
2019-02-12,T,22300
2019-02-12,A,10980
2019-02-13,B,75100
2019-02-13,A,16810
2019-02-14,A,13500
2019-02-14,B,36400
2019-02-15,A,30040
2019-02-15,B,80800
2019-02-16,T,20000
2019-02-16,A,14050
2019-02-16,B,40700
2019-02-17,B,186060
2019-02-17,A,14250
2019-02-18,A,14860
2019-02-18,B,9800
2019-02-19,A,8000
2019-02-19,B,101500
2019-02-20,B,81400
2019-02-20,A,6200
2019-02-21,A,9800
2019-02-21,B,81100
2019-02-22,T,8500
2019-02-22,A,20500
2019-02-22,B,80580
2019-02-23,B,82200
2019-02-23,A,8500
2019-02-24,A,33120
2019-02-24,B,36100
2019-02-25,A,21800
2019-02-25,B,41160
2019-02-26,B,35500
2019-02-26,T,8500
2019-02-27,A,13700
2019-02-27,B,18760
2019-02-28,A,21400
2019-02-28,B,96755
2019-03-01,A,14600
2019-03-01,B,28700
2019-03-02,B,156500
2019-03-02,A,57720
2019-03-03,A,47200
2019-03-03,B,83900
2019-03-04,T,17500
2019-03-04,B,179955
2019-03-04,A,41500
2019-03-05,T,34600
2019-03-05,A,31160
2019-03-05,B,75550
2019-03-06,B,124660
2019-03-06,A,83680
2019-03-07,A,62550
2019-03-07,B,54280
2019-03-08,A,48100
2019-03-08,T,8500
2019-03-08,B,110300
2019-03-09,B,126260
2019-03-09,A,47400
2019-03-09,T,8000
2019-03-10,B,163050
2019-03-10,A,64690
2019-03-11,T,20500
2019-03-11,B,214330
2019-03-11,A,58550
2019-03-12,A,82830
2019-03-12,T,12000
2019-03-12,B,165200
2019-03-13,A,69100
2019-03-13,B,136455
2019-03-13,T,24000
2019-03-14,B,180120
2019-03-14,A,78900
2019-03-15,A,40600
2019-03-15,T,8000
2019-03-15,B,80140
2019-03-16,A,71150
2019-03-16,B,223250
2019-03-17,A,42450
2019-03-17,T,41500
2019-03-17,B,383440
2019-03-18,T,25000
2019-03-18,A,41700
2019-03-18,B,191755
2019-03-19,A,60300
2019-03-19,T,19800
2019-03-19,B,204290
2019-03-20,T,12000
2019-03-20,A,42800
2019-03-20,B,136600
2019-03-21,B,111800
2019-03-21,T,26600
2019-03-21,A,36900
2019-03-22,B,291700
2019-03-22,A,79600
2019-03-23,A,16100
2019-03-23,B,128660
2019-03-24,A,37000
2019-03-24,T,20000
2019-03-24,B,204360
2019-03-25,A,23000
2019-03-25,B,173790
2019-03-26,B,114880
2019-03-26,T,12000
2019-03-26,A,59700
2019-03-27,A,27000
2019-03-27,B,75980
2019-03-27,T,24000
2019-03-28,B,55750
2019-03-28,T,24000
2019-03-28,A,51300
2019-03-29,A,36400
2019-03-29,B,127950
2019-03-30,B,228925
2019-03-30,A,62020
2019-03-30,T,20000
2019-03-31,A,89500
2019-03-31,B,175890
2019-04-01,A,42050
2019-04-01,B,194990
2019-04-02,A,98700
2019-04-02,B,239290
2019-04-02,T,12000
2019-04-03,B,132290
2019-04-03,A,52220
2019-04-04,B,155500
2019-04-04,A,16750
2019-04-05,B,99530
2019-04-05,T,9000
2019-04-05,A,47100
2019-04-06,A,50300
2019-04-06,B,166540
2019-04-07,B,201490
2019-04-07,T,12000
2019-04-07,A,47600
2019-04-08,A,43850
2019-04-08,B,227200
2019-04-09,B,287940
2019-04-09,A,66490
2019-04-10,A,104980
2019-04-10,B,224480
2019-04-11,T,8000
2019-04-11,A,76000
2019-04-11,B,187440
2019-04-12,A,53100
2019-04-12,B,135200
2019-04-12,T,8000
2019-04-13,A,36500
2019-04-13,B,281500
2019-04-14,B,286935
2019-04-14,T,12000
2019-04-14,A,32700
2019-04-15,B,220690
2019-04-15,A,50900
2019-04-15,T,20000
2019-04-16,B,129630
2019-04-16,A,79520
2019-04-16,T,8500
2019-04-17,B,85330
2019-04-17,A,21700
2019-04-18,T,16000
2019-04-18,A,60490
2019-04-18,B,130750
2019-04-19,B,256425
2019-04-19,A,52900
2019-04-20,A,59600
2019-04-20,B,291755
2019-04-21,A,122700
2019-04-21,T,22500
2019-04-21,B,260700
2019-04-22,T,18100
2019-04-22,B,169600
2019-04-22,A,36200
2019-04-23,B,276790
2019-04-23,A,68620
2019-04-23,T,38100
2019-04-24,B,198810
2019-04-24,T,8500
2019-04-24,A,66600
2019-04-25,B,200990
2019-04-25,T,42000
2019-04-25,A,32900
2019-04-26,A,64900
2019-04-26,B,125500
2019-04-27,B,75080
2019-04-27,A,31760
2019-04-28,T,37600
2019-04-28,A,59900
2019-04-28,B,187700
2019-04-29,A,43900
2019-04-29,B,238825
2019-04-29,T,42000
2019-04-30,A,50300
2019-04-30,B,71800
2019-04-30,T,14000
2019-05-01,B,115450
2019-05-01,T,4800
2019-05-01,A,67200
2019-05-02,A,25490
2019-05-02,B,87720
2019-05-03,B,88380
2019-05-03,A,21000
2019-05-04,A,43450
2019-05-04,T,28000
2019-05-04,B,213090
2019-05-05,B,243255
2019-05-05,T,18800
2019-05-05,A,42690
2019-05-06,T,8500
2019-05-06,B,86500
2019-05-06,A,93390
2019-05-07,A,60000
2019-05-07,B,253590
2019-05-08,T,30800
2019-05-08,B,259400
2019-05-08,A,104850
2019-05-09,A,66900
2019-05-09,B,230280
2019-05-10,T,18800
2019-05-10,A,46950
2019-05-10,B,170000
2019-05-11,B,352180
2019-05-11,A,40250
2019-05-11,T,28000
2019-05-12,B,165300
2019-05-12,T,4800
2019-05-12,A,69950
2019-05-13,T,9600
2019-05-13,B,277700
2019-05-13,A,67200
2019-05-14,A,54790
2019-05-14,B,133300
2019-05-14,T,12000
2019-05-15,B,151800
2019-05-15,T,9600
2019-05-15,A,71700
2019-05-16,T,12800
2019-05-16,A,107090
2019-05-16,B,194600
2019-05-17,B,138790
2019-05-17,A,45590
2019-05-18,A,36300
2019-05-18,B,164900
2019-05-19,A,61220
2019-05-19,T,40600
2019-05-19,B,225780
2019-05-20,A,59200
2019-05-20,B,170190
2019-05-21,B,324990
2019-05-21,A,55410
2019-05-21,T,25600
2019-05-22,B,106890
2019-05-22,T,9600
2019-05-22,A,87590
2019-05-23,A,76890
2019-05-23,B,140625
2019-05-23,T,4800
2019-05-24,B,93700
2019-05-24,A,53680
2019-05-24,T,4800
2019-05-25,A,77900
2019-05-25,B,173145
2019-05-25,T,14000
2019-05-26,B,158470
2019-05-26,A,113290
2019-05-27,A,120450
2019-05-27,B,235890
2019-05-28,B,234300
2019-05-28,A,109960
2019-05-29,A,70600
2019-05-29,T,32800
2019-05-29,B,205530
2019-05-30,B,180215
2019-05-30,A,63250
2019-05-31,T,4800
2019-05-31,B,159500
2019-05-31,A,38660
2019-06-01,A,53340
2019-06-01,B,209390
2019-06-02,T,4800
2019-06-02,A,71800
2019-06-02,B,180755
2019-06-03,A,34500
2019-06-03,B,129630
2019-06-04,A,66800
2019-06-04,B,143730
2019-06-05,A,25090
2019-06-05,B,160310
2019-06-06,A,51000
2019-06-06,B,245080
2019-06-07,B,165300
2019-06-07,A,64200
2019-06-08,A,45100
2019-06-08,B,44330
2019-06-09,B,249990
2019-06-09,A,116650
2019-06-10,A,75900
2019-06-10,B,294750
2019-06-11,B,166890
2019-06-11,A,69700
2019-06-12,A,48500
2019-06-12,B,168780
2019-06-13,B,139290
2019-06-13,A,34900
2019-06-14,A,36060
2019-06-14,B,112800
2019-06-15,B,161000
2019-06-15,A,16900
2019-06-16,B,117600
2019-06-16,A,70850
2019-06-17,A,68600
2019-06-17,B,182200
2019-06-18,A,52700
2019-06-18,B,116100
2019-06-19,B,132730
2019-06-19,A,50540
2019-06-20,A,54600
2019-06-20,B,151110
2019-06-21,A,55610
2019-06-21,B,95590
2019-06-22,B,83940
2019-06-22,A,52820
2019-06-23,A,99600
2019-06-23,B,112360
2019-06-23,T,8500
2019-06-24,B,151030
2019-06-24,A,35500
2019-06-25,T,4800
2019-06-25,B,77490
2019-06-25,A,73700
2019-06-26,A,25800
2019-06-26,B,99350
2019-06-26,T,14000
2019-06-27,B,67400
2019-06-27,A,39800
2019-06-28,A,113660
2019-06-28,B,481342
2019-06-29,A,51340
2019-06-29,B,355895
2019-06-30,B,366697
2019-06-30,A,79130
2019-06-30,T,4800
2019-07-01,A,131160
2019-07-01,B,298880
2019-07-02,A,58530
2019-07-02,B,310222
2019-07-03,B,225774
2019-07-03,A,63570
2019-07-04,A,51860
2019-07-04,B,312120
2019-07-05,A,65131
2019-07-05,B,242373
2019-07-06,B,160956
2019-07-06,A,11940
2019-07-07,A,75140
2019-07-07,B,245990
2019-07-08,T,5600
2019-07-08,A,40210
2019-07-08,B,194550
2019-07-09,B,238712
2019-07-09,A,50010
2019-07-10,B,87443
2019-07-10,A,38680
2019-07-11,B,120510
2019-07-11,T,5600
2019-07-11,A,29540
2019-07-12,A,22760
2019-07-12,B,207893
2019-07-13,A,25320
2019-07-13,B,159623
2019-07-14,T,6130
2019-07-14,A,36730
2019-07-14,B,264548
2019-07-15,B,115693
2019-07-15,A,85320
2019-07-16,T,5600
2019-07-16,A,38710
2019-07-16,B,173632
2019-07-17,B,152273
2019-07-17,A,31210
2019-07-17,T,13300
2019-07-18,B,105600
2019-07-18,A,29270
2019-07-19,B,72350
2019-07-19,A,30850
2019-07-20,B,105030
2019-07-20,A,43400
2019-07-21,A,76640
2019-07-21,B,164413
2019-07-22,T,14000
2019-07-22,A,38810
2019-07-22,B,158190
2019-07-23,T,9600
2019-07-23,B,139240
2019-07-23,A,52900
2019-07-24,B,160940
2019-07-24,A,26200
2019-07-25,A,11940
2019-07-25,B,108810
2019-07-26,B,135100
2019-07-26,A,18450
2019-07-27,A,56820
2019-07-27,B,152110
2019-07-28,B,223860
2019-07-28,T,4800
2019-07-28,A,100540
2019-07-29,A,54250
2019-07-29,T,14000
2019-07-29,B,227153
2019-07-30,A,49750
2019-07-30,B,141890
2019-07-30,T,12000
2019-07-31,T,4800
2019-07-31,A,40230
2019-07-31,B,70510
2019-08-01,A,67960
2019-08-01,B,152560
2019-08-02,B,143630
2019-08-02,A,23210
2019-08-03,T,5600
2019-08-03,B,212073
2019-08-03,A,20800
2019-08-04,B,219840
2019-08-04,T,15400
2019-08-04,A,68441
2019-08-05,A,87210
2019-08-05,B,214160
2019-08-06,B,221763
2019-08-06,A,37400
2019-08-07,B,128490
2019-08-07,A,51510
2019-08-08,T,5600
2019-08-08,B,115553
2019-08-08,A,36690
2019-08-09,A,16980
2019-08-09,B,227909
2019-08-10,A,38410
2019-08-10,T,4800
2019-08-10,B,165300
2019-08-11,A,50940
2019-08-11,B,228630
2019-08-11,T,14000
2019-08-12,A,67610
2019-08-12,B,186400
2019-08-13,T,4800
2019-08-13,A,12360
2019-08-13,B,63500
2019-08-14,A,9230
2019-08-14,B,174590
2019-08-15,B,96700
2019-08-15,A,51650
2019-08-16,B,146740
2019-08-16,A,50950
2019-08-17,T,5600
2019-08-17,B,180783
2019-08-17,A,32780
2019-08-18,B,192030
2019-08-18,A,50020
2019-08-19,T,5600
2019-08-19,A,56620
2019-08-19,B,215900
2019-08-20,B,159050
2019-08-20,A,52000
2019-08-21,T,5600
2019-08-21,A,65300
2019-08-21,B,64600
2019-08-22,A,43480
2019-08-22,B,149700
2019-08-23,A,60280
2019-08-23,B,57785
2019-08-23,T,5950
2019-08-24,B,135460
2019-08-24,A,55180
2019-08-25,T,15400
2019-08-25,A,27700
2019-08-25,B,56700
2019-08-26,A,76800
2019-08-26,B,194800
2019-08-26,T,61100
2019-08-27,A,23500
2019-08-27,T,18000
2019-08-27,B,95850
2019-08-28,A,44080
2019-08-28,B,105830
2019-08-29,B,150393
2019-08-29,A,26700
2019-08-29,T,36000
2019-08-30,B,179800
2019-08-30,A,35230
2019-08-30,T,18000
2019-08-31,A,54530
2019-08-31,B,218960
2019-08-31,T,19130
2019-09-01,B,270972
2019-09-01,T,18950
2019-09-01,A,28200
2019-09-02,A,46910
2019-09-02,T,26300
2019-09-02,B,165090
2019-09-03,B,116460
2019-09-03,A,90050
2019-09-04,T,13000
2019-09-04,A,34480
2019-09-04,B,188350
2019-09-05,B,288020
2019-09-05,A,49340
2019-09-06,T,13000
2019-09-06,A,59690
2019-09-06,B,146020
2019-09-07,T,34000
2019-09-07,A,20200
2019-09-07,B,262640
2019-09-08,B,203010
2019-09-08,A,23250
2019-09-08,T,26000
2019-09-09,B,112150
2019-09-09,A,24100
2019-09-09,T,78400
2019-09-10,A,22100
2019-09-10,B,93320
2019-09-11,A,8400
2019-09-11,B,171800
2019-09-11,T,21800
2019-09-12,A,31260
2019-09-12,B,141290
2019-09-12,T,17000
2019-09-13,A,55240
2019-09-13,B,225170
2019-09-13,T,55000
2019-09-14,T,48000
2019-09-14,A,55650
2019-09-14,B,110750
2019-09-15,T,85500
2019-09-15,B,224222
2019-09-15,A,26660
2019-09-16,B,326300
2019-09-16,T,8500
2019-09-16,A,47300
2019-09-17,A,18900
2019-09-17,B,177130
2019-09-17,T,25300
2019-09-18,B,242530
2019-09-18,T,12800
2019-09-18,A,52400
2019-09-19,A,71100
2019-09-19,B,180170
2019-09-19,T,104000
2019-09-20,A,22460
2019-09-20,B,134120
2019-09-20,T,17000
2019-09-21,T,22500
2019-09-21,B,177490
2019-09-21,A,57440
2019-09-22,B,174900
2019-09-22,A,70470
2019-09-22,T,96000
2019-09-23,B,305190
2019-09-23,T,136500
2019-09-23,A,38160
2019-09-24,A,66060
2019-09-24,T,37000
2019-09-24,B,371150
2019-09-25,T,52300
2019-09-25,B,91000
2019-09-25,A,34700
2019-09-26,B,167700
2019-09-26,A,54130
2019-09-26,T,8500
2019-09-27,T,64900
2019-09-27,B,294800
2019-09-27,A,19500
2019-09-28,B,307120
2019-09-28,A,42400
2019-09-28,T,42000
2019-09-29,B,422610
2019-09-29,A,73060
2019-09-29,T,75000
2019-09-30,T,94800
2019-09-30,B,154750
2019-09-30,A,20200
2019-10-01,A,16700
2019-10-01,B,107490
2019-10-01,T,54800
2019-10-02,A,36700
2019-10-02,B,208920
2019-10-02,T,119750
2019-10-03,A,47500
2019-10-03,B,360520
2019-10-03,T,49500
2019-10-04,T,37050
2019-10-04,B,311900
2019-10-04,A,47750
2019-10-05,T,17000
2019-10-05,B,201723
2019-10-05,A,21510
2019-10-06,T,49100
2019-10-06,B,340000
2019-10-06,A,64130
2019-10-07,T,15000
2019-10-07,B,268160
2019-10-07,A,84150
2019-10-08,B,191190
2019-10-08,T,61130
2019-10-08,A,49020
2019-10-09,A,28250
2019-10-09,B,189652
2019-10-09,T,20500
2019-10-10,B,220000
2019-10-10,A,30592
2019-10-10,T,74400
2019-10-11,A,26450
2019-10-11,T,33950
2019-10-11,B,188000
2019-10-12,B,211210
2019-10-12,A,35120
2019-10-12,T,51400
2019-10-13,T,44000
2019-10-13,B,204300
2019-10-13,A,37800
2019-10-14,A,72080
2019-10-14,B,263980
2019-10-14,T,57230
2019-10-15,T,9000
2019-10-15,B,200490
2019-10-15,A,51300
2019-10-16,A,46140
2019-10-16,T,36000
2019-10-16,B,365700
2019-10-17,T,29300
2019-10-17,A,41300
2019-10-17,B,185000
2019-10-18,T,41000
2019-10-18,A,32141
2019-10-18,B,137640
2019-10-19,B,253200
2019-10-19,A,23700
2019-10-19,T,53600
2019-10-20,B,202320
2019-10-20,T,59500
2019-10-20,A,19900
2019-10-21,B,46500
2019-10-21,A,39400
2019-10-21,T,56300
2019-10-22,T,115450
2019-10-22,A,61330
2019-10-22,B,303380
2019-10-23,T,56250
2019-10-23,A,34300
2019-10-23,B,205000
2019-10-24,T,72500
2019-10-24,A,13700
2019-10-24,B,198500
2019-10-25,T,108800
2019-10-25,A,74250
2019-10-25,B,204390
2019-10-26,B,491700
2019-10-26,T,40800
2019-10-26,A,72000
2019-10-27,B,352300
2019-10-27,T,91100
2019-10-27,A,52400
2019-10-28,A,27760
2019-10-28,T,67730
2019-10-28,B,256920
2019-10-29,T,56000
2019-10-29,B,376000
2019-10-29,A,57600
2019-10-30,A,39100
2019-10-30,T,118100
2019-10-30,B,159100
2019-10-31,A,33200
2019-10-31,T,93900
2019-10-31,B,280600
2019-11-01,T,43450
2019-11-01,A,36900
2019-11-01,B,185100
2019-11-02,A,45700
2019-11-02,T,28600
2019-11-02,B,158100
2019-11-03,T,79600
2019-11-03,A,37660
2019-11-03,B,252800
2019-11-04,B,350400
2019-11-04,T,101000
2019-11-04,A,63660
2019-11-05,B,339180
2019-11-05,T,62700
2019-11-05,A,43550
2019-11-06,B,192300
2019-11-06,T,86000
2019-11-06,A,38300
2019-11-07,A,41930
2019-11-07,T,14000
2019-11-07,B,233400
2019-11-08,T,52800
2019-11-08,B,289400
2019-11-08,A,47580
2019-11-09,B,167900
2019-11-09,T,101700
2019-11-09,A,34000
2019-11-10,T,132900
2019-11-10,A,68291
2019-11-10,B,387990
2019-11-11,T,30300
2019-11-11,A,42820
2019-11-11,B,144600
2019-11-12,B,234580
2019-11-12,T,108300
2019-11-12,A,38000
2019-11-13,A,42100
2019-11-13,T,53400
2019-11-13,B,203300
2019-11-14,A,37200
2019-11-14,T,73300
2019-11-14,B,207500
2019-11-15,T,38900
2019-11-15,A,26700
2019-11-15,B,219490
2019-11-16,A,33500
2019-11-16,B,342950
2019-11-16,T,52900
2019-11-17,A,31000
2019-11-17,T,42000
2019-11-17,B,213100
2019-11-18,T,20500
2019-11-18,B,209300
2019-11-18,A,16700
2019-11-19,T,23000
2019-11-19,A,43500
2019-11-19,B,342960
2019-11-20,A,20600
2019-11-20,T,25600
2019-11-20,B,227200
2019-11-21,B,101520
2019-11-21,A,19000
2019-11-21,T,84000
2019-11-22,B,149900
2019-11-22,T,55800
2019-11-22,A,38460
2019-11-23,A,21300
2019-11-23,T,8000
2019-11-23,B,202160
2019-11-24,T,58100
2019-11-24,B,319720
2019-11-24,A,28900
2019-11-25,A,36450
2019-11-25,T,11000
2019-11-25,B,206800
2019-11-26,T,16000
2019-11-26,A,20450
2019-11-26,B,185600
2019-11-27,A,49381
2019-11-27,B,172220
2019-11-27,T,47500
2019-11-28,B,138000
2019-11-28,A,36000
2019-11-28,T,60300
2019-11-29,T,19800
2019-11-29,B,206900
2019-11-29,A,19600
2019-11-30,A,48940
2019-11-30,B,123300
2019-11-30,T,31600
2019-12-01,A,51400
2019-12-01,B,251340
2019-12-01,T,79800
2019-12-02,T,75400
2019-12-02,B,213140
2019-12-02,A,58200
2019-12-03,B,262740
2019-12-03,A,41300
2019-12-03,T,37600
2019-12-04,B,115500
2019-12-04,A,14100
2019-12-04,T,19500
2019-12-05,T,15800
2019-12-05,A,49500
2019-12-05,B,237440
2019-12-06,A,52400
2019-12-06,B,219680
2019-12-06,T,40000
2019-12-07,A,17700
2019-12-07,T,27600
2019-12-07,B,75940
2019-12-08,T,37000
2019-12-08,B,247440
2019-12-08,A,14800
2019-12-09,T,32800
2019-12-09,B,164600
2019-12-09,A,22200
2019-12-10,T,16800
2019-12-10,A,20200
2019-12-10,B,89800
2019-12-11,B,127600
2019-12-11,T,22600
2019-12-11,A,36300
2019-12-12,B,107800
2019-12-12,A,45840
2019-12-12,T,9600
2019-12-13,B,126320
2019-12-13,T,16800
2019-12-13,A,14700
2019-12-14,B,268000
2019-12-14,A,9240
2019-12-14,T,14000
2019-12-15,A,40200
2019-12-15,B,275090
2019-12-15,T,35800
2019-12-16,T,54400
2019-12-16,A,46230
2019-12-16,B,199800
2019-12-17,T,34400
2019-12-17,B,201080
2019-12-17,A,24600
2019-12-18,B,147100
2019-12-18,A,3600
2019-12-19,A,10800
2019-12-19,B,107000
2019-12-19,T,11900
2019-12-20,B,93800
2019-12-20,A,20000
2019-12-20,T,11000
2019-12-21,A,30500
2019-12-21,B,147800
2019-12-21,T,23900
2019-12-22,T,89900
2019-12-22,A,24800
2019-12-22,B,256600
2019-12-23,A,26360
2019-12-23,B,132960
2019-12-23,T,66600
2019-12-24,A,12000
2019-12-24,B,135100
2019-12-24,T,9800
2019-12-25,B,100400
2019-12-25,T,30900
2019-12-25,A,25100
2019-12-26,A,29700
2019-12-26,T,25000
2019-12-26,B,72960
2019-12-27,B,20400
2019-12-27,A,3400
2019-12-28,A,17700
2019-12-28,B,91000
2019-12-29,B,173840
2019-12-29,A,35480
2019-12-30,A,21400
2019-12-30,B,55500
2019-12-30,T,7800
2019-12-31,B,106700
2019-12-31,A,18560
2020-01-01,T,118000
2020-01-01,B,854383
2020-01-01,A,89350
2020-01-02,T,87550
2020-01-02,B,530830
2020-01-02,A,29640
2020-01-03,A,22020
2020-01-03,T,64000
2020-01-03,B,547510
2020-01-04,A,20770
2020-01-04,B,306050
2020-01-04,T,22600
2020-01-05,A,33310
2020-01-05,T,76100
2020-01-05,B,321510
2020-01-06,A,11340
2020-01-06,T,59200
2020-01-06,B,212243
2020-01-07,B,252132
2020-01-07,A,34740
2020-01-07,T,27450
2020-01-08,T,65960
2020-01-08,B,263860
2020-01-08,A,8100
2020-01-09,A,35130
2020-01-09,T,20060
2020-01-09,B,224330
2020-01-10,B,261670
2020-01-10,A,17240
2020-01-10,T,24150
2020-01-11,T,31200
2020-01-11,B,219540
2020-01-11,A,7191
2020-01-12,T,92750
2020-01-12,B,262260
2020-01-12,A,24000
2020-01-13,T,26460
2020-01-13,B,258410
2020-01-13,A,28970
2020-01-14,T,46060
2020-01-14,B,168623
2020-01-14,A,26190
2020-01-15,B,209693
2020-01-15,T,14000
2020-01-15,A,10160
2020-01-16,B,190110
2020-01-16,A,31310
2020-01-16,T,86850
2020-01-17,B,239200
2020-01-17,T,20500
2020-01-17,A,7341
2020-01-18,A,48380
2020-01-18,B,309700
2020-01-18,T,74660
2020-01-19,T,47000
2020-01-19,A,39761
2020-01-19,B,196040
2020-01-20,B,165112
2020-01-20,A,23080
2020-01-20,T,55800
2020-01-21,B,193730
2020-01-21,A,14880
2020-01-21,T,33000
2020-01-22,B,189430
2020-01-22,A,34050
2020-01-22,T,80900
2020-01-23,A,13350
2020-01-23,B,72700
2020-01-23,T,32600
2020-01-24,T,46000
2020-01-24,B,188670
2020-01-24,A,41680
2020-01-25,T,12100
2020-01-25,B,192393
2020-01-25,A,21840
2020-01-26,B,115360
2020-01-26,A,32310
2020-01-27,A,45550
2020-01-27,T,39700
2020-01-27,B,150790
2020-01-28,A,28150
2020-01-28,T,48850
2020-01-28,B,150270
2020-01-29,B,96600
2020-01-29,T,24920
2020-01-29,A,13330
2020-01-30,T,28800
2020-01-30,A,12010
2020-01-30,B,98730
2020-01-31,T,30700
2020-01-31,B,101000
2020-01-31,A,32560
2020-02-01,T,42450
2020-02-01,B,164170
2020-02-01,A,19590
2020-02-02,T,80650
2020-02-02,A,21500
2020-02-02,B,252920
2020-02-03,A,28920
2020-02-03,B,150230
2020-02-03,T,45710
2020-02-04,T,32500
2020-02-04,A,19920
2020-02-04,B,277170
2020-02-05,A,23950
2020-02-05,T,9100
2020-02-05,B,135590
2020-02-06,B,107703
2020-02-06,A,12150
2020-02-06,T,11200
2020-02-07,B,87500
2020-02-07,A,27750
2020-02-08,B,170100
2020-02-08,A,22070
2020-02-09,T,59000
2020-02-09,A,24150
2020-02-09,B,197060
2020-02-10,A,23580
2020-02-10,B,64660
2020-02-11,A,58760
2020-02-11,T,65000
2020-02-11,B,260680
2020-02-12,B,220410
2020-02-12,A,26960
2020-02-12,T,29850
2020-02-13,B,89760
2020-02-13,T,35700
2020-02-13,A,6300
2020-02-14,A,13980
2020-02-14,B,165260
2020-02-15,A,29550
2020-02-15,B,76460
2020-02-15,T,63000
2020-02-16,T,81780
2020-02-16,B,383330
2020-02-16,A,60680
2020-02-17,A,25000
2020-02-17,T,20860
2020-02-17,B,180052
2020-02-18,B,234440
2020-02-18,A,50190
2020-02-18,T,81900
2020-02-19,B,279940
2020-02-19,T,46850
2020-02-19,A,21980
2020-02-20,A,31890
2020-02-20,T,33310
2020-02-20,B,232700
2020-02-21,T,49800
2020-02-21,B,187050
2020-02-21,A,23360
2020-02-22,B,112480
2020-02-22,T,49550
2020-02-22,A,36810
2020-02-23,T,62300
2020-02-23,A,24960
2020-02-23,B,253740
2020-02-24,B,181662
2020-02-24,T,46450
2020-02-24,A,25780
2020-02-25,A,41670
2020-02-25,T,39900
2020-02-25,B,329790
2020-02-26,T,39960
2020-02-26,A,67450
2020-02-26,B,165480
2020-02-27,T,12000
2020-02-27,B,120870
2020-02-27,A,28040
2020-02-28,A,47620
2020-02-28,B,280120
2020-02-28,T,31660
2020-02-29,A,34820
2020-02-29,B,261870
2020-02-29,T,11900
2020-03-01,B,227450
2020-03-01,A,59780
2020-03-01,T,28900
2020-03-02,A,27300
2020-03-02,B,266650
2020-03-02,T,110950
2020-03-03,T,24750
2020-03-03,B,133300
2020-03-03,A,39300
2020-03-04,A,49850
2020-03-04,B,230410
2020-03-04,T,50500
2020-03-05,B,290500
2020-03-05,T,39700
2020-03-05,A,43700
2020-03-06,A,43670
2020-03-06,B,174080
2020-03-06,T,49100
2020-03-07,A,39731
2020-03-07,T,53400
2020-03-07,B,223290
2020-03-08,T,51050
2020-03-08,A,53180
2020-03-08,B,180110
2020-03-09,B,166150
2020-03-09,T,22360
2020-03-09,A,42300
2020-03-10,T,54150
2020-03-10,A,36660
2020-03-10,B,144393
2020-03-11,B,208020
2020-03-11,A,56480
2020-03-12,A,37641
2020-03-12,T,28850
2020-03-12,B,175490
2020-03-13,A,33320
2020-03-13,T,5950
2020-03-13,B,171420
2020-03-14,B,282820
2020-03-14,T,35360
2020-03-14,A,70320
2020-03-15,B,306110
2020-03-15,T,46900
2020-03-15,A,74560
2020-03-16,T,66400
2020-03-16,B,304500
2020-03-16,A,49990
2020-03-17,A,55300
2020-03-17,B,292190
2020-03-17,T,87800
2020-03-18,T,44800
2020-03-18,B,183760
2020-03-18,A,25540
2020-03-19,T,49000
2020-03-19,B,223130
2020-03-19,A,30130
2020-03-20,T,32500
2020-03-20,B,200480
2020-03-20,A,51800
2020-03-21,T,43000
2020-03-21,A,41240
2020-03-21,B,102790
2020-03-22,A,42600
2020-03-22,T,53250
2020-03-22,B,375880
2020-03-23,B,292220
2020-03-23,A,42570
2020-03-23,T,48250
2020-03-24,A,48700
2020-03-24,B,220590
2020-03-24,T,50410
2020-03-25,T,28000
2020-03-25,B,152860
2020-03-25,A,27880
2020-03-26,B,178500
2020-03-26,A,37820
2020-03-26,T,64600
2020-03-27,T,8500
2020-03-27,A,72390
2020-03-27,B,323943
2020-03-28,A,36400
2020-03-28,B,251790
2020-03-28,T,39600
2020-03-29,T,34700
2020-03-29,B,306870
2020-03-29,A,60260
2020-03-30,A,27800
2020-03-30,B,227350
2020-03-30,T,14000
2020-03-31,B,161200
2020-03-31,T,14300
2020-03-31,A,38370
2020-04-01,T,25860
2020-04-01,A,22840
2020-04-01,B,250453
2020-04-02,T,32000
2020-04-02,A,55900
2020-04-02,B,125900
2020-04-03,T,8500
2020-04-03,B,208200
2020-04-03,A,85120
2020-04-04,B,63443
2020-04-04,T,4800
2020-04-04,A,17240
2020-04-05,T,5600
2020-04-05,B,280390
2020-04-05,A,77800
2020-04-06,B,66410
2020-04-06,A,43300
2020-04-06,T,15260
2020-04-07,A,45460
2020-04-07,B,289910
2020-04-07,T,37360
2020-04-08,B,125980
2020-04-08,A,6000
2020-04-08,T,42000
2020-04-09,A,71500
2020-04-09,B,198000
2020-04-10,B,143000
2020-04-10,A,51020
2020-04-11,A,26200
2020-04-11,B,180790
2020-04-12,A,97610
2020-04-12,B,288750
2020-04-12,T,25500
2020-04-13,A,87380
2020-04-13,T,28500
2020-04-13,B,201123
2020-04-14,A,10500
2020-04-14,T,13300
2020-04-14,B,163800
2020-04-15,A,23570
2020-04-15,B,182600
2020-04-15,T,7000
2020-04-16,T,26000
2020-04-16,B,181090
2020-04-16,A,30690
2020-04-17,A,44220
2020-04-17,B,234290
2020-04-18,A,28730
2020-04-18,B,246640
2020-04-19,B,254243
2020-04-19,T,33600
2020-04-19,A,31741
2020-04-20,T,24900
2020-04-20,A,36590
2020-04-20,B,328280
2020-04-21,A,42550
2020-04-21,B,193500
2020-04-21,T,28360
2020-04-22,A,71260
2020-04-22,B,247440
2020-04-22,T,15650
2020-04-23,B,133390
2020-04-23,T,39000
2020-04-23,A,14130
2020-04-24,T,22750
2020-04-24,A,39500
2020-04-24,B,163110
2020-04-25,A,40800
2020-04-25,T,20250
2020-04-25,B,227200
2020-04-26,A,68960
2020-04-26,B,244110
2020-04-26,T,28750
2020-04-27,A,72440
2020-04-27,B,229420
2020-04-28,A,46880
2020-04-28,B,259700
2020-04-28,T,26800
2020-04-29,A,70290
2020-04-29,B,296310
2020-04-30,B,310630
2020-04-30,A,62350
2020-04-30,T,22000
2020-05-01,T,16000
2020-05-01,A,52050
2020-05-01,B,303000
2020-05-02,T,8000
2020-05-02,B,354740
2020-05-02,A,54210
2020-05-03,B,344720
2020-05-03,T,26000
2020-05-03,A,31680
2020-05-04,B,208253
2020-05-04,T,10000
2020-05-04,A,49630
2020-05-05,T,20800
2020-05-05,B,295410
2020-05-05,A,47760
2020-05-06,A,19200
2020-05-06,B,295560
2020-05-07,A,56030
2020-05-07,T,14000
2020-05-07,B,346790
2020-05-08,B,274290
2020-05-08,T,45200
2020-05-08,A,63740
2020-05-09,T,26600
2020-05-09,A,31400
2020-05-09,B,340390
2020-05-10,A,58100
2020-05-10,T,14000
2020-05-10,B,462190
2020-05-11,B,415490
2020-05-11,A,51200
2020-05-11,T,8800
2020-05-12,A,51000
2020-05-12,T,19500
2020-05-12,B,256580
2020-05-13,A,55790
2020-05-13,B,153800
2020-05-14,B,167750
2020-05-14,A,32650
2020-05-15,A,78330
2020-05-15,B,168943
2020-05-16,B,396890
2020-05-16,A,80930
2020-05-16,T,13250
2020-05-17,A,31171
2020-05-17,T,7650
2020-05-17,B,238990
2020-05-18,B,354190
2020-05-18,A,74280
2020-05-19,A,87030
2020-05-19,B,301380
2020-05-19,T,24550
2020-05-20,T,8000
2020-05-20,B,176293
2020-05-20,A,54600
2020-05-21,B,310200
2020-05-21,A,15550
2020-05-22,B,223132
2020-05-22,A,19700
2020-05-22,T,12000
2020-05-23,B,235250
2020-05-23,A,102512
2020-05-24,B,364980
2020-05-24,T,5600
2020-05-24,A,33240
2020-05-25,T,14000
2020-05-25,B,373200
2020-05-25,A,88010
2020-05-26,B,170250
2020-05-26,A,70760
2020-05-26,T,25000
2020-05-27,B,245160
2020-05-27,A,58940
2020-05-27,T,34550
2020-05-28,A,113300
2020-05-28,B,203500
2020-05-29,A,65150
2020-05-29,B,269100
2020-05-30,A,81530
2020-05-30,B,429350
2020-05-31,B,576480
2020-05-31,T,10000
2020-05-31,A,98580
2020-06-01,B,220750
2020-06-01,A,44650
2020-06-01,T,5600
2020-06-02,T,14000
2020-06-02,A,77320
2020-06-02,B,350960
2020-06-03,B,228940
2020-06-03,A,58130
2020-06-03,T,8000
2020-06-04,B,278433
2020-06-04,A,94860
2020-06-05,B,288720
2020-06-05,A,63900
2020-06-06,A,41040
2020-06-06,B,334220
2020-06-07,T,12320
2020-06-07,B,347110
2020-06-07,A,119330
2020-06-08,B,396430
2020-06-08,A,30840
2020-06-09,B,249510
2020-06-09,A,85390
2020-06-09,T,14000
2020-06-10,B,338810
2020-06-10,T,5950
2020-06-10,A,106160
2020-06-11,B,160830
2020-06-11,T,8500
2020-06-11,A,36330
2020-06-12,A,56920
2020-06-12,B,141230
2020-06-13,B,295330
2020-06-13,T,27950
2020-06-13,A,73300
2020-06-14,B,279130
2020-06-14,A,95250
2020-06-14,T,8000
2020-06-15,B,308240
2020-06-15,A,48780
2020-06-16,A,34070
2020-06-16,B,164990
2020-06-17,B,264420
2020-06-17,A,58350
2020-06-18,A,106820
2020-06-18,B,248540
2020-06-18,T,14000
2020-06-19,B,253830
2020-06-19,A,67400
2020-06-20,B,2592858
2020-06-20,A,125110
2020-06-20,T,19600
2020-06-21,A,133810
2020-06-21,T,32850
2020-06-21,B,1725572
2020-06-22,B,410074
2020-06-22,T,20900
2020-06-22,A,70450
2020-06-23,T,17600
2020-06-23,A,115260
2020-06-23,B,403370
2020-06-24,B,353110
2020-06-24,A,112110
2020-06-25,A,55550
2020-06-25,B,192090
2020-06-26,A,66990
2020-06-26,T,20000
2020-06-26,B,406222
2020-06-27,B,382470
2020-06-27,A,106881
2020-06-27,T,5600
2020-06-28,B,478430
2020-06-28,A,92930
2020-06-29,A,112520
2020-06-29,B,469640
2020-06-29,T,7700
2020-06-30,A,61400
2020-06-30,B,469823
2020-06-30,T,16100
2020-07-01,B,360160
2020-07-01,A,77670
2020-07-01,T,5600
2020-07-02,B,331965
2020-07-02,A,67310
2020-07-03,B,347482
2020-07-03,T,12800
2020-07-03,A,96240
2020-07-04,T,13600
2020-07-04,A,70720
2020-07-04,B,320730
2020-07-05,B,384652
2020-07-05,T,37150
2020-07-05,A,72510
2020-07-06,A,66360
2020-07-06,B,281881
2020-07-07,A,54823
2020-07-07,B,314571
2020-07-07,T,19250
2020-07-08,B,229834
2020-07-08,A,39750
2020-07-09,B,225192
2020-07-09,A,40460
2020-07-10,A,70500
2020-07-10,B,440540
2020-07-11,B,423820
2020-07-11,A,88894
2020-07-12,B,385310
2020-07-12,T,27300
2020-07-12,A,105500
2020-07-13,T,5460
2020-07-13,B,290131
2020-07-13,A,52740
2020-07-14,B,479694
2020-07-14,A,67770
2020-07-14,T,14000
2020-07-15,B,308240
2020-07-15,T,13300
2020-07-15,A,77730
2020-07-16,T,13950
2020-07-16,A,63300
2020-07-16,B,388040
2020-07-17,A,59660
2020-07-17,T,23100
2020-07-17,B,299940
2020-07-18,B,294981
2020-07-18,T,34300
2020-07-18,A,111111
2020-07-19,B,295820
2020-07-19,A,73190
2020-07-19,T,12000
2020-07-20,B,278250
2020-07-20,T,5950
2020-07-20,A,68780
2020-07-21,T,8000
2020-07-21,B,181090
2020-07-21,A,53790
2020-07-22,T,5950
2020-07-22,A,41060
2020-07-22,B,159003
2020-07-23,A,72891
2020-07-23,B,436006
2020-07-23,T,10500
2020-07-24,A,44032
2020-07-24,B,209970
2020-07-25,A,69923
2020-07-25,B,239360
2020-07-26,A,104490
2020-07-26,B,307190
2020-07-27,B,398523
2020-07-27,A,39680
2020-07-27,T,8000
2020-07-28,A,67470
2020-07-28,B,174510
2020-07-29,A,60521
2020-07-29,B,232830
2020-07-30,B,201210
2020-07-30,T,13950
2020-07-30,A,57183
2020-07-31,T,39150
2020-07-31,A,54700
2020-07-31,B,213050
2020-08-01,A,120980
2020-08-01,B,584720
2020-08-01,T,4400
2020-08-02,B,464940
2020-08-02,A,75653
2020-08-03,T,8000
2020-08-03,A,92500
2020-08-03,B,240600
2020-08-04,A,76253
2020-08-04,T,28900
2020-08-04,B,383790
2020-08-05,T,11400
2020-08-05,A,48630
2020-08-05,B,240640
2020-08-06,B,211420
2020-08-06,A,71670
2020-08-07,T,11400
2020-08-07,B,378050
2020-08-07,A,102600
2020-08-08,T,29200
2020-08-08,A,83780
2020-08-08,B,307000
2020-08-09,A,88370
2020-08-09,B,377051
2020-08-09,T,27900
2020-08-10,A,35160
2020-08-10,B,306010
2020-08-11,A,44313
2020-08-11,B,394833
2020-08-12,T,23600
2020-08-12,B,414210
2020-08-12,A,95400
2020-08-13,A,58781
2020-08-13,T,23200
2020-08-13,B,228430
2020-08-14,T,9000
2020-08-14,A,38570
2020-08-14,B,282370
2020-08-15,A,71763
2020-08-15,B,426610
2020-08-15,T,8000
2020-08-16,A,96543
2020-08-16,B,370570
2020-08-17,B,252880
2020-08-17,A,58730
2020-08-17,T,17000
2020-08-18,B,443210
2020-08-18,A,98081
2020-08-19,T,37000
2020-08-19,A,56520
2020-08-19,B,277850
2020-08-20,A,89430
2020-08-20,B,287300
2020-08-20,T,8400
2020-08-21,A,42830
2020-08-21,B,601650
2020-08-22,B,497650
2020-08-22,T,8000
2020-08-22,A,74090
2020-08-23,A,76994
2020-08-23,B,458071
2020-08-23,T,31200
2020-08-24,A,92041
2020-08-24,B,468830
2020-08-24,T,23310
2020-08-25,B,420780
2020-08-25,T,52200
2020-08-25,A,129710
2020-08-26,T,51960
2020-08-26,A,54821
2020-08-26,B,453380
2020-08-27,B,488903
2020-08-27,A,108832
2020-08-28,A,48700
2020-08-28,T,33000
2020-08-28,B,345330
2020-08-29,T,22000
2020-08-29,A,66980
2020-08-29,B,364320
2020-08-30,T,64950
2020-08-30,B,486640
2020-08-30,A,62700
2020-08-31,A,46670
2020-08-31,T,22000
2020-08-31,B,281780
2020-09-01,B,318530
2020-09-01,A,77550
2020-09-01,T,42500
2020-09-02,A,105140
2020-09-02,T,19900
2020-09-02,B,224740
2020-09-03,T,5950
2020-09-03,A,32630
2020-09-03,B,189060
2020-09-04,B,244052
2020-09-04,T,30900
2020-09-04,A,37550
2020-09-05,T,94800
2020-09-05,A,40130
2020-09-05,B,294170
2020-09-06,A,79370
2020-09-06,B,449200
2020-09-06,T,40600
2020-09-07,B,439030
2020-09-07,A,71130
2020-09-07,T,101750
2020-09-08,B,270683
2020-09-08,A,55581
2020-09-08,T,32400
2020-09-09,A,94511
2020-09-09,T,41000
2020-09-09,B,280550
2020-09-10,T,115710
2020-09-10,A,56760
2020-09-10,B,410020
2020-09-11,B,300090
2020-09-11,A,51430
2020-09-11,T,86700
2020-09-12,T,104600
2020-09-12,A,60680
2020-09-12,B,351000
2020-09-13,A,55010
2020-09-13,B,314760
2020-09-13,T,64100
2020-09-14,B,354620
2020-09-14,T,189750
2020-09-14,A,24350
2020-09-15,T,61600
2020-09-15,B,289730
2020-09-15,A,85260
2020-09-16,B,281460
2020-09-16,A,47400
2020-09-16,T,138860
2020-09-17,B,217940
2020-09-17,A,26722
2020-09-17,T,184500
2020-09-18,A,35960
2020-09-18,T,163600
2020-09-18,B,358180
2020-09-19,A,55002
2020-09-19,T,126900
2020-09-19,B,338070
2020-09-20,B,327400
2020-09-20,T,203000
2020-09-20,A,92881
2020-09-21,A,58551
2020-09-21,T,206500
2020-09-21,B,412720
2020-09-22,T,99300
2020-09-22,B,276340
2020-09-22,A,86530
2020-09-23,B,336800
2020-09-23,T,164600
2020-09-23,A,38480
2020-09-24,A,59700
2020-09-24,B,336210
2020-09-24,T,124550
2020-09-25,A,39220
2020-09-25,B,289640
2020-09-25,T,198900
2020-09-26,B,251020
2020-09-26,T,190260
2020-09-26,A,22500
2020-09-27,T,203360
2020-09-27,B,416220
2020-09-27,A,77330
2020-09-28,A,76922
2020-09-28,T,162700
2020-09-28,B,541510
2020-09-29,A,50600
2020-09-29,B,507850
2020-09-29,T,152960
2020-09-30,A,40590
2020-09-30,B,450380
2020-09-30,T,151750
2020-10-01,A,51830
2020-10-01,T,154350
2020-10-01,B,244160
2020-10-02,T,182000
2020-10-02,B,458230
2020-10-02,A,80100
2020-10-03,A,70121
2020-10-03,B,438810
2020-10-03,T,206100
2020-10-04,A,115570
2020-10-04,B,780480
2020-10-04,T,395900
2020-10-05,T,72920
2020-10-05,B,468370
2020-10-05,A,94940
2020-10-06,B,736180
2020-10-06,T,169200
2020-10-06,A,94550
2020-10-07,B,376350
2020-10-07,A,53510
2020-10-07,T,252300
2020-10-08,T,216800
2020-10-08,B,476220
2020-10-08,A,40460
2020-10-09,B,367810
2020-10-09,T,214520
2020-10-09,A,66360
2020-10-10,B,693340
2020-10-10,A,65420
2020-10-10,T,211000
2020-10-11,A,43200
2020-10-11,B,360500
2020-10-11,T,262500
2020-10-12,B,573160
2020-10-12,A,121210
2020-10-12,T,260700
2020-10-13,B,338040
2020-10-13,T,110750
2020-10-13,A,95300
2020-10-14,A,79490
2020-10-14,T,282250
2020-10-14,B,399203
2020-10-15,B,424690
2020-10-15,A,45570
2020-10-15,T,116700
2020-10-16,B,597020
2020-10-16,A,94680
2020-10-16,T,280400
2020-10-17,A,36300
2020-10-17,B,309760
2020-10-17,T,221400
2020-10-18,B,430820
2020-10-18,A,29230
2020-10-18,T,288700
2020-10-19,T,193600
2020-10-19,B,337480
2020-10-19,A,34130
2020-10-20,B,613343
2020-10-20,T,158850
2020-10-20,A,74650
2020-10-21,T,239160
2020-10-21,B,399000
2020-10-21,A,47820
2020-10-22,A,102800
2020-10-22,B,466210
2020-10-22,T,169000
2020-10-23,T,193500
2020-10-23,A,102420
2020-10-23,B,544120
2020-10-24,T,195900
2020-10-24,A,41240
2020-10-24,B,531040
2020-10-25,B,544360
2020-10-25,T,256900
2020-10-25,A,106702
2020-10-26,B,421160
2020-10-26,A,57390
2020-10-26,T,262060
2020-10-27,B,533700
2020-10-27,T,80550
2020-10-27,A,60420
2020-10-28,A,22090
2020-10-28,T,155100
2020-10-28,B,330460
2020-10-29,A,41800
2020-10-29,T,180340
2020-10-29,B,348363
2020-10-30,T,59400
2020-10-30,B,293400
2020-10-30,A,65140
2020-10-31,A,33450
2020-10-31,B,500780
2020-10-31,T,189800
2020-11-01,A,68680
2020-11-01,B,670963
2020-11-01,T,224550
2020-11-02,T,183450
2020-11-02,B,322053
2020-11-02,A,45800
2020-11-03,T,229800
2020-11-03,A,77641
2020-11-03,B,455160
2020-11-04,A,59480
2020-11-04,B,393800
2020-11-04,T,176150
2020-11-05,B,395380
2020-11-05,T,184000
2020-11-05,A,52200
2020-11-06,T,107700
2020-11-06,A,103300
2020-11-06,B,478600
2020-11-07,B,410223
2020-11-07,A,45950
2020-11-07,T,191160
2020-11-08,T,169460
2020-11-08,B,402180
2020-11-08,A,50390
2020-11-09,A,74621
2020-11-09,B,459980
2020-11-09,T,206400
2020-11-10,B,563443
2020-11-10,A,39350
2020-11-10,T,285100
2020-11-11,T,237300
2020-11-11,A,60900
2020-11-11,B,533780
2020-11-12,B,487530
2020-11-12,T,268800
2020-11-12,A,44460
2020-11-13,A,52080
2020-11-13,T,97000
2020-11-13,B,344580
2020-11-14,B,551120
2020-11-14,A,33490
2020-11-14,T,136000
2020-11-15,B,499440
2020-11-15,A,64350
2020-11-15,T,188500
2020-11-16,T,177000
2020-11-16,A,31520
2020-11-16,B,488690
2020-11-17,B,357780
2020-11-17,A,65100
2020-11-17,T,163700
2020-11-18,T,133900
2020-11-18,B,457300
2020-11-18,A,54300
2020-11-19,A,87180
2020-11-19,B,344760
2020-11-19,T,108600
2020-11-20,T,105000
2020-11-20,A,46552
2020-11-20,B,249800
2020-11-21,B,405940
2020-11-21,T,234300
2020-11-21,A,30890
2020-11-22,A,26700
2020-11-22,T,173300
2020-11-22,B,441020
2020-11-23,B,288850
2020-11-23,T,76660
2020-11-23,A,53750
2020-11-24,T,135800
2020-11-24,B,477133
2020-11-24,A,61590
2020-11-25,T,92460
2020-11-25,A,49840
2020-11-25,B,284830
2020-11-26,A,42232
2020-11-26,T,107460
2020-11-26,B,289020
2020-11-27,T,82600
2020-11-27,B,420780
2020-11-27,A,43550
2020-11-28,A,64190
2020-11-28,T,114700
2020-11-28,B,408220
2020-11-29,B,620540
2020-11-29,A,33500
2020-11-29,T,185500
2020-11-30,A,83090
2020-11-30,B,503090
2020-11-30,T,196100
2020-12-01,B,425560
2020-12-01,A,39750
2020-12-01,T,169200
2020-12-02,B,201970
2020-12-02,T,187860
2020-12-02,A,26752
2020-12-03,B,233610
2020-12-03,T,77400
2020-12-03,A,53200
2020-12-04,A,60250
2020-12-04,B,468380
2020-12-04,T,226360
2020-12-05,B,302100
2020-12-05,A,33820
2020-12-05,T,118760
2020-12-06,B,359980
2020-12-06,A,93432
2020-12-06,T,92000
2020-12-07,T,73520
2020-12-07,A,32250
2020-12-07,B,550593
2020-12-08,B,470960
2020-12-08,A,56901
2020-12-08,T,139840
2020-12-09,T,170020
2020-12-09,A,44840
2020-12-09,B,366800
2020-12-10,A,75710
2020-12-10,B,292920
2020-12-10,T,92300
2020-12-11,A,53010
2020-12-11,T,219590
2020-12-11,B,325630
2020-12-12,A,49591
2020-12-12,T,135720
2020-12-12,B,395520
2020-12-13,B,537000
2020-12-13,T,152860
2020-12-13,A,71500
2020-12-14,T,123400
2020-12-14,A,39800
2020-12-14,B,425810
2020-12-15,B,307780
2020-12-15,T,45560
2020-12-15,A,62250
2020-12-16,A,92560
2020-12-16,B,431150
2020-12-16,T,121560
2020-12-17,B,372330
2020-12-17,T,181360
2020-12-17,A,66500
2020-12-18,T,36360
2020-12-18,A,26300
2020-12-18,B,253740
2020-12-19,B,148323
2020-12-19,T,33500
2020-12-19,A,11710
2020-12-20,A,69930
2020-12-20,B,471570
2020-12-21,A,40250
2020-12-21,T,64100
2020-12-21,B,238080
2020-12-22,T,86000
2020-12-22,B,313500
2020-12-22,A,41280
2020-12-23,A,27490
2020-12-23,T,24920
2020-12-23,B,419480
2020-12-24,B,215420
2020-12-24,T,56960
2020-12-24,A,14060
2020-12-25,T,49400
2020-12-25,B,351710
2020-12-25,A,29580
2020-12-26,B,288600
2020-12-26,T,100190
2020-12-26,A,18120
2020-12-27,T,55130
2020-12-27,A,45520
2020-12-27,B,340240
2020-12-28,B,208980
2020-12-28,T,38400
2020-12-28,A,43100
2020-12-29,A,27660
2020-12-29,B,180410
2020-12-29,T,19460
2020-12-30,A,32250
2020-12-30,B,263420
2020-12-30,T,49960
2020-12-31,T,35760
2020-12-31,B,201430
2020-12-31,A,19000
2021-01-01,T,305370
2021-01-01,A,73320
2021-01-01,B,1310770
2021-01-02,B,572783
2021-01-02,A,58400
2021-01-02,T,140080
2021-01-03,B,588530
2021-01-03,T,66050
2021-01-03,A,13010
2021-01-04,A,86460
2021-01-04,B,352750
2021-01-04,T,152870
2021-01-05,A,64020
2021-01-05,T,80020
2021-01-05,B,469330
2021-01-06,A,21310
2021-01-06,T,126360
2021-01-06,B,390330
2021-01-07,B,367840
2021-01-07,T,63260
2021-01-07,A,32500
2021-01-08,B,362610
2021-01-08,A,60800
2021-01-08,T,116490
2021-01-09,B,428310
2021-01-09,A,32250
2021-01-09,T,103160
2021-01-10,B,311960
2021-01-10,T,207560
2021-01-10,A,49510
2021-01-11,B,317620
2021-01-11,A,19230
2021-01-11,T,102070
2021-01-12,T,114900
2021-01-12,A,13500
2021-01-12,B,333510
2021-01-13,A,39200
2021-01-13,B,342250
2021-01-13,T,38120
2021-01-14,T,83750
2021-01-14,A,12790
2021-01-14,B,185560
2021-01-15,A,32120
2021-01-15,B,349910
2021-01-15,T,35650
2021-01-16,T,122110
2021-01-16,A,39130
2021-01-16,B,369423
2021-01-17,B,382250
2021-01-17,A,27990
2021-01-17,T,195840
2021-01-18,T,39110
2021-01-18,A,46960
2021-01-18,B,274950
2021-01-19,B,176300
2021-01-19,T,62000
2021-01-19,A,40360
2021-01-20,A,32610
2021-01-20,B,228580
2021-01-20,T,43050
2021-01-21,A,40630
2021-01-21,B,252370
2021-01-21,T,62400
2021-01-22,T,63550
2021-01-22,A,47410
2021-01-22,B,378970
2021-01-23,B,364270
2021-01-23,A,51211
2021-01-23,T,77520
2021-01-24,B,329292
2021-01-24,A,25540
2021-01-24,T,123720
2021-01-25,T,110640
2021-01-25,A,57860
2021-01-25,B,204152
2021-01-26,A,34700
2021-01-26,T,54520
2021-01-26,B,282100
2021-01-27,B,300292
2021-01-27,A,49030
2021-01-27,T,40760
2021-01-28,B,273300
2021-01-28,A,38610
2021-01-28,T,126830
2021-01-29,T,87400
2021-01-29,B,289620
2021-01-29,A,84395
2021-01-30,T,128580
2021-01-30,B,530330
2021-01-30,A,62872
2021-01-31,T,130050
2021-01-31,A,68946
2021-01-31,B,269878
2021-02-01,A,35415
2021-02-01,B,194630
2021-02-01,T,66480
2021-02-02,B,328440
2021-02-02,A,61170
2021-02-02,T,85550
2021-02-03,A,41550
2021-02-03,T,141990
2021-02-03,B,360308
2021-02-04,B,448200
2021-02-04,T,122550
2021-02-04,A,56920
2021-02-05,T,91860
2021-02-05,B,335480
2021-02-05,A,15390
2021-02-06,A,50850
2021-02-06,B,448520
2021-02-06,T,110900
2021-02-07,B,195410
2021-02-07,T,91900
2021-02-07,A,73630
2021-02-08,B,411210
2021-02-08,A,58010
2021-02-08,T,96160
2021-02-09,B,214690
2021-02-09,T,99500
2021-02-09,A,26480
2021-02-10,A,56600
2021-02-10,B,392160
2021-02-10,T,64400
2021-02-11,T,82890
2021-02-11,B,202090
2021-02-11,A,58700
2021-02-12,T,69200
2021-02-12,B,194820
2021-02-12,A,32230
2021-02-13,A,42080
2021-02-13,B,232540
2021-02-13,T,94060
2021-02-14,A,76300
2021-02-14,B,422430
2021-02-14,T,85480
2021-02-15,B,336982
2021-02-15,A,85480
2021-02-15,T,118000
2021-02-16,A,42840
2021-02-16,B,325910
2021-02-16,T,50060
2021-02-17,A,60651
2021-02-17,B,297200
2021-02-17,T,166550
2021-02-18,T,138800
2021-02-18,A,76700
2021-02-18,B,251850
2021-02-19,T,79680
2021-02-19,B,299240
2021-02-19,A,40460
2021-02-20,A,80800
2021-02-20,B,396850
2021-02-20,T,144670
2021-02-21,B,553380
2021-02-21,A,49950
2021-02-21,T,145160
2021-02-22,A,79960
2021-02-22,T,97420
2021-02-22,B,428200
2021-02-23,B,452030
2021-02-23,T,146190
2021-02-23,A,34000
2021-02-24,B,470930
2021-02-24,A,40960
2021-02-24,T,190320
2021-02-25,B,345390
2021-02-25,A,65370
2021-02-25,T,143080
2021-02-26,T,145300
2021-02-26,B,431500
2021-02-26,A,61170
2021-02-27,T,152750
2021-02-27,B,433090
2021-02-27,A,102680
2021-02-28,A,56900
2021-02-28,B,292290
2021-02-28,T,110660
2021-03-01,A,89790
2021-03-01,T,119560
2021-03-01,B,574390
2021-03-02,A,96560
2021-03-02,B,354280
2021-03-02,T,163630
2021-03-03,T,106020
2021-03-03,B,306110
2021-03-03,A,52710
2021-03-04,B,337392
2021-03-04,A,47800
2021-03-04,T,62680
2021-03-05,A,46300
2021-03-05,B,320210
2021-03-05,T,78560
2021-03-06,B,517507
2021-03-06,T,173700
2021-03-06,A,131450
2021-03-07,A,87830
2021-03-07,T,112300
2021-03-07,B,489650
2021-03-08,A,91800
2021-03-08,T,180560
2021-03-08,B,188530
2021-03-09,B,427900
2021-03-09,T,180740
2021-03-09,A,80340
2021-03-10,B,197100
2021-03-10,A,49400
2021-03-10,T,83160
2021-03-11,B,305203
2021-03-11,T,167800
2021-03-11,A,58450
2021-03-12,B,412740
2021-03-12,T,74240
2021-03-12,A,58480
2021-03-13,T,237260
2021-03-13,B,441742
2021-03-13,A,76140
2021-03-14,B,607682
2021-03-14,T,25800
2021-03-14,A,101302
2021-03-15,B,453092
2021-03-15,A,60080
2021-03-15,T,86610
2021-03-16,A,91260
2021-03-16,B,596283
2021-03-16,T,134100
2021-03-17,T,135920
2021-03-17,B,430682
2021-03-17,A,79400
2021-03-18,T,76820
2021-03-18,A,53080
2021-03-18,B,395650
2021-03-19,A,77360
2021-03-19,B,434100
2021-03-19,T,103250
2021-03-20,T,42320
2021-03-20,B,500463
2021-03-20,A,77150
2021-03-21,T,174520
2021-03-21,B,692542
2021-03-21,A,86380
2021-03-22,A,77142
2021-03-22,B,376860
2021-03-22,T,104400
2021-03-23,T,85460
2021-03-23,B,650970
2021-03-23,A,46590
2021-03-24,T,127100
2021-03-24,A,124920
2021-03-24,B,436950
2021-03-25,B,391550
2021-03-25,T,122750
2021-03-25,A,113850
2021-03-26,A,83310
2021-03-26,B,316300
2021-03-26,T,85600
2021-03-27,T,53000
2021-03-27,B,269190
2021-03-27,A,51470
2021-03-28,T,83200
2021-03-28,A,71080
2021-03-28,B,515840
2021-03-29,B,646140
2021-03-29,T,97000
2021-03-29,A,77120
2021-03-30,T,85660
2021-03-30,A,60252
2021-03-30,B,509000
2021-03-31,T,34000
2021-03-31,B,425790
2021-03-31,A,63050
2021-04-01,B,609860
2021-04-01,T,59100
2021-04-01,A,67710
2021-04-02,A,69800
2021-04-02,B,413700
2021-04-02,T,73200
2021-04-03,A,70500
2021-04-03,B,526790
2021-04-03,T,47220
2021-04-04,A,110300
2021-04-04,T,86660
2021-04-04,B,671630
2021-04-05,A,111190
2021-04-05,T,31860
2021-04-05,B,694300
2021-04-06,T,54900
2021-04-06,A,75150
2021-04-06,B,378600
2021-04-07,A,45000
2021-04-07,T,21000
2021-04-07,B,444090
2021-04-08,T,101800
2021-04-08,A,49210
2021-04-08,B,196300
2021-04-09,B,345500
2021-04-09,A,33200
2021-04-09,T,25900
2021-04-10,A,80900
2021-04-10,B,374992
2021-04-10,T,82260
2021-04-11,A,68563
2021-04-11,B,545360
2021-04-11,T,63000
2021-04-12,A,102300
2021-04-12,T,23400
2021-04-12,B,402990
2021-04-13,T,59710
2021-04-13,A,85800
2021-04-13,B,466030
2021-04-14,B,545150
2021-04-14,T,32700
2021-04-14,A,61300
2021-04-15,T,27200
2021-04-15,B,558950
2021-04-15,A,108190
2021-04-16,T,104600
2021-04-16,A,46600
2021-04-16,B,451400
2021-04-17,T,51900
2021-04-17,A,42800
2021-04-17,B,567200
2021-04-18,B,580990
2021-04-18,A,55570
2021-04-18,T,73260
2021-04-19,T,98000
2021-04-19,B,558500
2021-04-19,A,40250
2021-04-20,T,34000
2021-04-20,B,379300
2021-04-20,A,57790
2021-04-21,A,77900
2021-04-21,B,377122
2021-04-21,T,66760
2021-04-22,B,380540
2021-04-22,A,38000
2021-04-23,T,90400
2021-04-23,A,59630
2021-04-23,B,302990
2021-04-24,T,26000
2021-04-24,A,74300
2021-04-24,B,466340
2021-04-25,T,38600
2021-04-25,A,76650
2021-04-25,B,457830
2021-04-26,A,54400
2021-04-26,T,67300
2021-04-26,B,464392
2021-04-27,B,534800
2021-04-27,A,109300
2021-04-27,T,50560
2021-04-28,A,73700
2021-04-28,T,87490
2021-04-28,B,315800
2021-04-29,B,416750
2021-04-29,A,76980
2021-04-29,T,134300
2021-04-30,A,73010
2021-04-30,B,353490
2021-04-30,T,13000
2021-05-01,B,394050
2021-05-01,A,77350
2021-05-01,T,97700
2021-05-02,T,32700
2021-05-02,B,532560
2021-05-02,A,33650
2021-05-03,A,44420
2021-05-03,B,610800
2021-05-03,T,47350
2021-05-04,T,36000
2021-05-04,A,88780
2021-05-04,B,559700
2021-05-05,T,34640
2021-05-05,A,121890
2021-05-05,B,464430
2021-05-06,B,329320
2021-05-06,T,47500
2021-05-06,A,120525
2021-05-07,A,111375
2021-05-07,B,373300
2021-05-08,T,35000
2021-05-08,A,36680
2021-05-08,B,376400
2021-05-09,B,414100
2021-05-09,A,63865
2021-05-09,T,34390
2021-05-10,B,431140
2021-05-10,A,76650
2021-05-10,T,28900
2021-05-11,A,91260
2021-05-11,B,286010
2021-05-11,T,55350
2021-05-12,B,372800
2021-05-12,A,110090
2021-05-12,T,13000
2021-05-13,T,38000
2021-05-13,A,64800
2021-05-13,B,476900
2021-05-14,A,41250
2021-05-14,T,18900
2021-05-14,B,225200
2021-05-15,B,319560
2021-05-15,A,78560
2021-05-15,T,14000
2021-05-16,T,26900
2021-05-16,A,137840
2021-05-16,B,353200
2021-05-17,A,136000
2021-05-17,T,13200
2021-05-17,B,455700
2021-05-18,A,88500
2021-05-18,T,40900
2021-05-18,B,332500
2021-05-19,T,14000
2021-05-19,A,50800
2021-05-19,B,444150
2021-05-20,A,50700
2021-05-20,B,446800
2021-05-20,T,6500
2021-05-21,T,23000
2021-05-21,A,40700
2021-05-21,B,196300
2021-05-22,B,407160
2021-05-22,T,7000
2021-05-22,A,31780
2021-05-23,A,75380
2021-05-23,T,7000
2021-05-23,B,457360
2021-05-24,B,421940
2021-05-24,A,68480
2021-05-24,T,24000
2021-05-25,B,403500
2021-05-25,A,90500
2021-05-26,A,35700
2021-05-26,B,387200
2021-05-27,A,89120
2021-05-27,B,383600
2021-05-28,A,62600
2021-05-28,B,278100
2021-05-29,T,7900
2021-05-29,A,33800
2021-05-29,B,402400
2021-05-30,A,83610
2021-05-30,B,552700
2021-05-30,T,7900
2021-05-31,A,34590
2021-05-31,B,336400
2021-06-01,T,29100
2021-06-01,A,90380
2021-06-01,B,297600
2021-06-02,A,43480
2021-06-02,T,38000
2021-06-02,B,343750
2021-06-03,B,181200
2021-06-03,A,60820
2021-06-03,T,33700
2021-06-04,T,12000
2021-06-04,B,339100
2021-06-04,A,60700
2021-06-05,B,257000
2021-06-05,A,46790
2021-06-06,B,511990
2021-06-06,A,83840
2021-06-07,A,71400
2021-06-07,B,251200
2021-06-08,A,83290
2021-06-08,B,381650
2021-06-09,A,39100
2021-06-09,T,7000
2021-06-09,B,466400
2021-06-10,B,288800
2021-06-10,A,38060
2021-06-11,T,20100
2021-06-11,B,325500
2021-06-11,A,38900
2021-06-12,A,84600
2021-06-12,B,364900
2021-06-13,A,38420
2021-06-13,B,222800
2021-06-14,T,26000
2021-06-14,B,497590
2021-06-14,A,44930
2021-06-15,A,34220
2021-06-15,B,480200
2021-06-15,T,8000
2021-06-16,A,56710
2021-06-16,T,26400
2021-06-16,B,440500
2021-06-17,B,271700
2021-06-17,A,54360
2021-06-18,A,55710
2021-06-18,B,389060
2021-06-19,A,113000
2021-06-19,B,250200
2021-06-20,T,13160
2021-06-20,A,55180
2021-06-20,B,353350
2021-06-21,B,399190
2021-06-21,T,11000
2021-06-21,A,41750
2021-06-22,A,37850
2021-06-22,B,201400
2021-06-23,A,49760
2021-06-23,B,305600
2021-06-24,B,203250
2021-06-24,A,18900
2021-06-24,T,14760
2021-06-25,A,57100
2021-06-25,B,322800
2021-06-26,A,30620
2021-06-26,B,302200
2021-06-27,B,276350
2021-06-27,T,20300
2021-06-27,A,28250
2021-06-28,T,18200
2021-06-28,A,18700
2021-06-28,B,316130
2021-06-29,A,50650
2021-06-29,B,352480
2021-06-30,T,19600
2021-06-30,A,52280
2021-06-30,B,241890
2021-07-01,T,7000
2021-07-01,B,379960
2021-07-01,A,57550
2021-07-02,T,33500
2021-07-02,B,612120
2021-07-02,A,68090
2021-07-03,A,49770
2021-07-03,B,376430
2021-07-04,A,82060
2021-07-04,B,643170
2021-07-04,T,25200
2021-07-05,B,416720
2021-07-05,A,77950
2021-07-05,T,12150
2021-07-06,B,304340
2021-07-06,A,58040
2021-07-06,T,47900
2021-07-07,A,41520
2021-07-07,B,289380
2021-07-07,T,18800
2021-07-08,B,355440
2021-07-08,A,54430
2021-07-09,B,195030
2021-07-09,A,46090
2021-07-09,T,10500
2021-07-10,A,28090
2021-07-10,B,352050
2021-07-11,T,24500
2021-07-11,A,66730
2021-07-11,B,321310
2021-07-12,T,19200
2021-07-12,B,414620
2021-07-12,A,82460
2021-07-13,A,47400
2021-07-13,B,214500
2021-07-13,T,29300
2021-07-14,A,35900
2021-07-14,B,179540
2021-07-14,T,26300
2021-07-15,T,11900
2021-07-15,B,367160
2021-07-15,A,95420
2021-07-16,B,259650
2021-07-16,A,24150
2021-07-16,T,7000
2021-07-17,A,47200
2021-07-17,B,428000
2021-07-17,T,7000
2021-07-18,T,37600
2021-07-18,B,385960
2021-07-18,A,73910
2021-07-19,B,325880
2021-07-19,A,60800
2021-07-19,T,5200
2021-07-20,A,44500
2021-07-20,B,385910
2021-07-20,T,9100
2021-07-21,B,187090
2021-07-21,T,17000
2021-07-21,A,24600
2021-07-22,T,15750
2021-07-22,A,34080
2021-07-22,B,422950
2021-07-23,A,55150
2021-07-23,T,12150
2021-07-23,B,290100
2021-07-24,T,14350
2021-07-24,B,314140
2021-07-24,A,50705
2021-07-25,T,30000
2021-07-25,A,50330
2021-07-25,B,431760
2021-07-26,T,40500
2021-07-26,B,254820
2021-07-26,A,30320
2021-07-27,T,7000
2021-07-27,B,252580
2021-07-27,A,43900
2021-07-28,B,292650
2021-07-28,A,43030
2021-07-28,T,19500
2021-07-29,A,26400
2021-07-29,B,208290
2021-07-29,T,27800
2021-07-30,A,21660
2021-07-30,B,295490
2021-07-30,T,44800
2021-07-31,B,567520
2021-07-31,A,41600
2021-08-01,A,50150
2021-08-01,B,403260
2021-08-01,T,14000
2021-08-02,B,372200
2021-08-02,T,77000
2021-08-02,A,40120
2021-08-03,T,25200
2021-08-03,B,244790
2021-08-03,A,99830
2021-08-04,A,82430
2021-08-04,B,361450
2021-08-05,A,52190
2021-08-05,B,214760
2021-08-05,T,13000
2021-08-06,B,326970
2021-08-06,A,42960
2021-08-06,T,15400
2021-08-07,B,227370
2021-08-07,T,14000
2021-08-07,A,34470
2021-08-08,B,271960
2021-08-08,A,19630
2021-08-09,B,233600
2021-08-09,A,40900
2021-08-09,T,42450
2021-08-10,B,336750
2021-08-10,A,77255
2021-08-11,A,60990
2021-08-11,B,454030
2021-08-11,T,49900
2021-08-12,T,54000
2021-08-12,A,50210
2021-08-12,B,248580
2021-08-13,T,55700
2021-08-13,A,44000
2021-08-13,B,258610
2021-08-14,T,38000
2021-08-14,B,173500
2021-08-14,A,30200
2021-08-15,A,31460
2021-08-15,T,21950
2021-08-15,B,127650
2021-08-16,T,8100
2021-08-16,B,203700
2021-08-16,A,7190
2021-08-17,T,107000
2021-08-17,B,321450
2021-08-17,A,38030
2021-08-18,A,42580
2021-08-18,T,84000
2021-08-18,B,354750
2021-08-19,T,35300
2021-08-19,B,238000
2021-08-19,A,44100
2021-08-20,A,49250
2021-08-20,T,27900
2021-08-20,B,260280
2021-08-21,A,36500
2021-08-21,B,253950
2021-08-21,T,64660
2021-08-22,T,41600
2021-08-22,B,440300
2021-08-22,A,48900
2021-08-23,B,255140
2021-08-23,T,34900
2021-08-23,A,79700
2021-08-24,A,42250
2021-08-24,B,195480
2021-08-24,T,21100
2021-08-25,A,25200
2021-08-25,T,31000
2021-08-25,B,371530
2021-08-26,B,272610
2021-08-26,A,20800
2021-08-26,T,44400
2021-08-27,B,362500
2021-08-27,T,14900
2021-08-27,A,55350
2021-08-28,B,374260
2021-08-28,A,53350
2021-08-28,T,42800
2021-08-29,A,59722
2021-08-29,B,285620
2021-08-29,T,36000
2021-08-30,T,66200
2021-08-30,B,484470
2021-08-30,A,60793
2021-08-31,T,168300
2021-08-31,A,48110
2021-08-31,B,378830
2021-09-01,T,65100
2021-09-01,B,297720
2021-09-01,A,42500
2021-09-02,B,272050
2021-09-02,A,8200
2021-09-02,T,71900
2021-09-03,T,132500
2021-09-03,B,493160
2021-09-03,A,37900
2021-09-04,A,46690
2021-09-04,T,140800
2021-09-04,B,431150
2021-09-05,A,36420
2021-09-05,T,210500
2021-09-05,B,536910
2021-09-06,B,495620
2021-09-06,T,104160
2021-09-06,A,57750
2021-09-07,T,158760
2021-09-07,A,37620
2021-09-07,B,414600
2021-09-08,A,44540
2021-09-08,T,263100
2021-09-08,B,384380
2021-09-09,B,300240
2021-09-09,A,27300
2021-09-09,T,65100
2021-09-10,A,16200
2021-09-10,B,454350
2021-09-10,T,112100
2021-09-11,T,193500
2021-09-11,B,392140
2021-09-11,A,35750
2021-09-12,B,659200
2021-09-12,A,71920
2021-09-12,T,208700
2021-09-13,B,871450
2021-09-13,A,54100
2021-09-13,T,422800
2021-09-14,A,62800
2021-09-14,T,193100
2021-09-14,B,742800
2021-09-15,B,384890
2021-09-15,A,40250
2021-09-15,T,154400
2021-09-16,B,625600
2021-09-16,T,188600
2021-09-16,A,36100
2021-09-17,B,563700
2021-09-17,A,77700
2021-09-17,T,259100
2021-09-18,A,55200
2021-09-18,B,475060
2021-09-18,T,312300
2021-09-19,T,212100
2021-09-19,B,585040
2021-09-19,A,73100
2021-09-20,A,55760
2021-09-20,B,778980
2021-09-20,T,267900
2021-09-21,T,165600
2021-09-21,B,294980
2021-09-21,A,39000
2021-09-22,B,420400
2021-09-22,T,130900
2021-09-22,A,51100
2021-09-23,B,428640
2021-09-23,A,50850
2021-09-23,T,171100
2021-09-24,T,149400
2021-09-24,A,52900
2021-09-24,B,785540
2021-09-25,T,216700
2021-09-25,B,694740
2021-09-25,A,56300
2021-09-26,T,335860
2021-09-26,B,751582
2021-09-26,A,75100
2021-09-27,T,296500
2021-09-27,A,66900
2021-09-27,B,666550
2021-09-28,T,139500
2021-09-28,A,43300
2021-09-28,B,546140
2021-09-29,B,426800
2021-09-29,T,337200
2021-09-29,A,61050
2021-09-30,A,33500
2021-09-30,B,344990
2021-09-30,T,252900
2021-10-01,B,611360
2021-10-01,A,38020
2021-10-01,T,367500
2021-10-02,T,202600
2021-10-02,B,401580
2021-10-02,A,74200
2021-10-03,T,281160
2021-10-03,B,577730
2021-10-03,A,46000
2021-10-04,T,209700
2021-10-04,A,45300
2021-10-04,B,539400
2021-10-05,A,98700
2021-10-05,B,562890
2021-10-05,T,363000
2021-10-06,B,417000
2021-10-06,T,340600
2021-10-06,A,39700
2021-10-07,B,662750
2021-10-07,A,23700
2021-10-07,T,173100
2021-10-08,A,46650
2021-10-08,B,466570
2021-10-08,T,159200
2021-10-09,T,202200
2021-10-09,B,416080
2021-10-09,A,74500
2021-10-10,A,55200
2021-10-10,T,268500
2021-10-10,B,492170
2021-10-11,T,266700
2021-10-11,A,53700
2021-10-11,B,553800
2021-10-12,A,104000
2021-10-12,T,299600
2021-10-12,B,626050
2021-10-13,T,295800
2021-10-13,B,658590
2021-10-13,A,32300
2021-10-14,B,515430
2021-10-14,A,60650
2021-10-14,T,250700
2021-10-15,B,410050
2021-10-15,A,64740
2021-10-15,T,189400
2021-10-16,B,615450
2021-10-16,A,48350
2021-10-16,T,363600
2021-10-17,T,426400
2021-10-17,A,118220
2021-10-17,B,656000
2021-10-18,B,686100
2021-10-18,A,116100
2021-10-18,T,532800
2021-10-19,T,479500
2021-10-19,A,101450
2021-10-19,B,807300
2021-10-20,B,714700
2021-10-20,A,75500
2021-10-20,T,352200
2021-10-21,T,258100
2021-10-21,A,53900
2021-10-21,B,672390
2021-10-22,B,649390
2021-10-22,T,273900
2021-10-22,A,64900
2021-10-23,T,206400
2021-10-23,A,61100
2021-10-23,B,448290
2021-10-24,T,328800
2021-10-24,B,604400
2021-10-24,A,67300
2021-10-25,T,225700
2021-10-25,A,102600
2021-10-25,B,710180
2021-10-26,T,192800
2021-10-26,B,477190
2021-10-26,A,45000
2021-10-27,T,228100
2021-10-27,B,553200
2021-10-27,A,70600
2021-10-28,A,60500
2021-10-28,B,617190
2021-10-28,T,272400
2021-10-29,A,15850
2021-10-29,T,180500
2021-10-29,B,372600
2021-10-30,A,28860
2021-10-30,B,387400
2021-10-30,T,210200
2021-10-31,T,365900
2021-10-31,B,641860
2021-10-31,A,60050
2021-11-01,T,288600
2021-11-01,B,459080
2021-11-01,A,36400
2021-11-02,B,514900
2021-11-02,A,18700
2021-11-02,T,110400
2021-11-03,T,202273
2021-11-03,B,514800
2021-11-03,A,78200
2021-11-04,A,40700
2021-11-04,T,197073
2021-11-04,B,723600
2021-11-05,A,83050
2021-11-05,B,351100
2021-11-05,T,256264
2021-11-06,A,48760
2021-11-06,T,185291
2021-11-06,B,498290
2021-11-07,A,55500
2021-11-07,T,244200
2021-11-07,B,450790
2021-11-08,T,231600
2021-11-08,B,310400
2021-11-08,A,31200
2021-11-09,A,69000
2021-11-09,T,209491
2021-11-09,B,502390
2021-11-10,A,116500
2021-11-10,T,192700
2021-11-10,B,650280
2021-11-11,A,53900
2021-11-11,T,126200
2021-11-11,B,433200
2021-11-12,B,368800
2021-11-12,A,34050
2021-11-12,T,205500
2021-11-13,B,400200
2021-11-13,T,177900
2021-11-13,A,32900
2021-11-14,T,151000
2021-11-14,A,48800
2021-11-14,B,282990
2021-11-15,T,143400
2021-11-15,B,511100
2021-11-15,A,79900
2021-11-16,T,289900
2021-11-16,A,102000
2021-11-16,B,490790
2021-11-17,B,446300
2021-11-17,T,211850
2021-11-17,A,29900
2021-11-18,T,135700
2021-11-18,A,36500
2021-11-18,B,306000
2021-11-19,B,432090
2021-11-19,T,171500
2021-11-19,A,86200
2021-11-20,A,54900
2021-11-20,T,78800
2021-11-20,B,414400
2021-11-21,T,318500
2021-11-21,A,65900
2021-11-21,B,419490
2021-11-22,B,627400
2021-11-22,T,291700
2021-11-22,A,76600
2021-11-23,A,48570
2021-11-23,B,437580
2021-11-23,T,88900
2021-11-24,T,220800
2021-11-24,B,499100
2021-11-24,A,43550
2021-11-25,B,357790
2021-11-25,A,84400
2021-11-25,T,182400
2021-11-26,A,41800
2021-11-26,T,109800
2021-11-26,B,220800
2021-11-27,T,106600
2021-11-27,A,61900
2021-11-27,B,343000
2021-11-28,A,82800
2021-11-28,B,348200
2021-11-28,T,102800
2021-11-29,B,294500
2021-11-29,T,51400
2021-11-29,A,13200
2021-11-30,A,40000
2021-11-30,B,366400
2021-11-30,T,36000
2021-12-01,T,70800
2021-12-01,A,20750
2021-12-01,B,337920
2021-12-02,T,105100
2021-12-02,B,393660
2021-12-02,A,38000
2021-12-03,B,284840
2021-12-03,T,135800
2021-12-03,A,40600
2021-12-04,T,97900
2021-12-04,A,56450
2021-12-04,B,375640
2021-12-05,A,91650
2021-12-05,T,164700
2021-12-05,B,514540
2021-12-06,B,377780
2021-12-06,T,146600
2021-12-06,A,34700
2021-12-07,B,575580
2021-12-07,T,65200
2021-12-07,A,44800
2021-12-08,B,384900
2021-12-08,A,37150
2021-12-08,T,65200
2021-12-09,T,8960
2021-12-09,B,225960
2021-12-09,A,43850
2021-12-10,A,59200
2021-12-10,B,228400
2021-12-10,T,112300
2021-12-11,B,265810
2021-12-11,A,37780
2021-12-11,T,79900
2021-12-12,A,38170
2021-12-12,T,131500
2021-12-12,B,446880
2021-12-13,B,368840
2021-12-13,T,101000
2021-12-13,A,26580
2021-12-14,A,81860
2021-12-14,B,408570
2021-12-14,T,128700
2021-12-15,A,39760
2021-12-15,T,27360
2021-12-15,B,326380
2021-12-16,T,89600
2021-12-16,A,54100
2021-12-16,B,443780
2021-12-17,A,47660
2021-12-17,B,290770
2021-12-17,T,87600
2021-12-18,A,54310
2021-12-18,T,96900
2021-12-18,B,253280
2021-12-19,A,88700
2021-12-19,B,304460
2021-12-19,T,74600
2021-12-20,T,66100
2021-12-20,A,63480
2021-12-20,B,220700
2021-12-21,T,57300
2021-12-21,A,42860
2021-12-21,B,238010
2021-12-22,T,53900
2021-12-22,B,244800
2021-12-22,A,39000
2021-12-23,A,68000
2021-12-23,T,53400
2021-12-23,B,287210
2021-12-24,A,20560
2021-12-24,B,106430
2021-12-24,T,29200
2021-12-25,T,9600
2021-12-25,A,72180
2021-12-25,B,189410
2021-12-26,A,60660
2021-12-26,T,78800
2021-12-26,B,261350
2021-12-27,A,63240
2021-12-27,T,38650
2021-12-27,B,255950
2021-12-28,A,36350
2021-12-28,B,467550
2021-12-28,T,53420
2021-12-29,B,137790
2021-12-29,A,40900
2021-12-29,T,60750
2021-12-30,T,5530
2021-12-30,B,72620
2021-12-30,A,5800
2021-12-31,B,75066
2021-12-31,T,55230
2021-12-31,A,19530
2022-01-01,T,165600
2022-01-01,A,105120
2022-01-01,B,984602
2022-01-02,T,162010
2022-01-02,B,478332
2022-01-02,A,35300
2022-01-03,B,523402
2022-01-03,T,189220
2022-01-03,A,52550
2022-01-04,B,301480
2022-01-04,T,144670
2022-01-04,A,31330
2022-01-05,A,60110
2022-01-05,T,142430
2022-01-05,B,452772
2022-01-06,T,92790
2022-01-06,B,565102
2022-01-06,A,60205
2022-01-07,B,389610
2022-01-07,T,61730
2022-01-07,A,89075
2022-01-08,B,322310
2022-01-08,A,30485
2022-01-08,T,111980
2022-01-09,T,135530
2022-01-09,B,461280
2022-01-09,A,18550
2022-01-10,T,163980
2022-01-10,B,412402
2022-01-10,A,63160
2022-01-11,A,51640
2022-01-11,B,275942
2022-01-11,T,76540
2022-01-12,T,110610
2022-01-12,B,346580
2022-01-12,A,27540
2022-01-13,B,305682
2022-01-13,T,66010
2022-01-13,A,21600
2022-01-14,A,32530
2022-01-14,T,19180
2022-01-14,B,166920
2022-01-15,B,312670
2022-01-15,A,76530
2022-01-15,T,116230
2022-01-16,B,516792
2022-01-16,T,149060
2022-01-16,A,55800
2022-01-17,A,41040
2022-01-17,T,128680
2022-01-17,B,430600
2022-01-18,B,259922
2022-01-18,T,72900
2022-01-18,A,37840
2022-01-19,B,259690
2022-01-19,A,20980
2022-01-19,T,33400
2022-01-20,A,16970
2022-01-20,T,109920
2022-01-20,B,343364
2022-01-21,A,26300
2022-01-21,T,88830
2022-01-21,B,241050
2022-01-22,T,67810
2022-01-22,A,13660
2022-01-22,B,150340
2022-01-23,T,176830
2022-01-23,A,23120
2022-01-23,B,350930
2022-01-24,B,233810
2022-01-24,A,16460
2022-01-24,T,64220
2022-01-25,B,223280
2022-01-25,T,157060
2022-01-25,A,13960
2022-01-26,A,21750
2022-01-26,B,219280
2022-01-26,T,59430
2022-01-27,T,59000
2022-01-27,A,23228
2022-01-27,B,174400
2022-01-28,B,200370
2022-01-28,A,13600
2022-01-28,T,72820
2022-01-29,A,23560
2022-01-29,B,266152
2022-01-29,T,146340
2022-01-30,A,48028
2022-01-30,B,449990
2022-01-30,T,143318
2022-01-31,T,176232
2022-01-31,A,19428
2022-01-31,B,616234
2022-02-01,T,124800
2022-02-01,A,22500
2022-02-01,B,396110
2022-02-02,A,11700
2022-02-02,T,31300
2022-02-02,B,161940
2022-02-03,B,268660
2022-02-03,A,52060
2022-02-03,T,107990
2022-02-04,A,14940
2022-02-04,T,82710
2022-02-04,B,223804
2022-02-05,B,319912
2022-02-05,A,32728
2022-02-05,T,76500
2022-02-06,T,84490
2022-02-06,B,294124
2022-02-06,A,17680
2022-02-07,B,294510
2022-02-07,A,26330
2022-02-07,T,42720
2022-02-08,T,84090
2022-02-08,B,119290
2022-02-08,A,49140
2022-02-09,A,20640
2022-02-09,B,348212
2022-02-09,T,54720
2022-02-10,A,14600
2022-02-10,B,289102
2022-02-10,T,172740
2022-02-11,A,34988
2022-02-11,B,292500
2022-02-11,T,77920
2022-02-12,T,96840
2022-02-12,A,37600
2022-02-12,B,362252
2022-02-13,A,55276
2022-02-13,T,195140
2022-02-13,B,421714
2022-02-14,T,78700
2022-02-14,B,270650
2022-02-14,A,53100
2022-02-15,B,376542
2022-02-15,T,68670
2022-02-15,A,47688
2022-02-16,T,57660
2022-02-16,A,33700
2022-02-16,B,322740
2022-02-17,A,38700
2022-02-17,B,461012
2022-02-17,T,32500
2022-02-18,T,69000
2022-02-18,A,29800
2022-02-18,B,294842
2022-02-19,A,78150
2022-02-19,T,38800
2022-02-19,B,171660
2022-02-20,A,42738
2022-02-20,T,95800
2022-02-20,B,318330
2022-02-21,B,525615
2022-02-21,T,99500
2022-02-21,A,78360
2022-02-22,B,336589
2022-02-22,T,72960
2022-02-22,A,47850
2022-02-23,T,113020
2022-02-23,A,63419
2022-02-23,B,388127
2022-02-24,T,167550
2022-02-24,B,465088
2022-02-24,A,77746
2022-02-25,A,51647
2022-02-25,T,55990
2022-02-25,B,247197
2022-02-26,A,55600
2022-02-26,T,70250
2022-02-26,B,388176
2022-02-27,A,86780
2022-02-27,B,490592
2022-02-27,T,185709
2022-02-28,T,102860
2022-02-28,A,54628
2022-02-28,B,399610
2022-03-01,B,368684
2022-03-01,A,88544
2022-03-01,T,87290
2022-03-02,A,75407
2022-03-02,T,148040
2022-03-02,B,425220
2022-03-03,T,92400
2022-03-03,B,378097
2022-03-03,A,94584
2022-03-04,B,486220
2022-03-04,T,169270
2022-03-04,A,83200
2022-03-05,A,81380
2022-03-05,T,109150
2022-03-05,B,350250
2022-03-06,A,116774
2022-03-06,T,180015
2022-03-06,B,501667
2022-03-07,A,47300
2022-03-07,B,334884
2022-03-07,T,101520
2022-03-08,A,96788
2022-03-08,B,405084
2022-03-08,T,104310
2022-03-09,B,442760
2022-03-09,A,40000
2022-03-09,T,79790
2022-03-10,T,123900
2022-03-10,B,456984
2022-03-10,A,62200
2022-03-11,B,447997
2022-03-11,T,140500
2022-03-11,A,60500
2022-03-12,T,107700
2022-03-12,B,527282
2022-03-12,A,64328
2022-03-13,B,587220
2022-03-13,T,187380
2022-03-13,A,61100
2022-03-14,A,85268
2022-03-14,B,423274
2022-03-14,T,118100
2022-03-15,B,666352
2022-03-15,T,244209
2022-03-15,A,114528
2022-03-16,A,86046
2022-03-16,T,95238
2022-03-16,B,430120
2022-03-17,B,530920
2022-03-17,A,99802
2022-03-17,T,127620
2022-03-18,T,149700
2022-03-18,B,739622
2022-03-18,A,104200
2022-03-19,T,66300
2022-03-19,B,449792
2022-03-19,A,102700
2022-03-20,T,57100
2022-03-20,A,92700
2022-03-20,B,491892
2022-03-21,A,98200
2022-03-21,B,353192
2022-03-21,T,129800
2022-03-22,T,45360
2022-03-22,B,492729
2022-03-22,A,93628
2022-03-23,B,321852
2022-03-23,T,65700
2022-03-23,A,85200
2022-03-24,B,266352
2022-03-24,A,53400
2022-03-24,T,135230
2022-03-25,T,61130
2022-03-25,B,449892
2022-03-25,A,97400
2022-03-26,A,60400
2022-03-26,B,542805
2022-03-26,T,188460
2022-03-27,B,629293
2022-03-27,T,122060
2022-03-27,A,84374
2022-03-28,A,76000
2022-03-28,T,126820
2022-03-28,B,561960
2022-03-29,A,61500
2022-03-29,B,431638
2022-03-29,T,57900
2022-03-30,B,468346
2022-03-30,A,109828
2022-03-30,T,113700
2022-03-31,T,107100
2022-03-31,A,80928
2022-03-31,B,329027
2022-04-01,B,464084
2022-04-01,A,86800
2022-04-01,T,62500
2022-04-02,T,70519
2022-04-02,B,349300
2022-04-02,A,101128
2022-04-03,T,30600
2022-04-03,A,181367
2022-04-03,B,474800
2022-04-04,T,120100
2022-04-04,A,106028
2022-04-04,B,420100
2022-04-05,B,591484
2022-04-05,T,81700
2022-04-05,A,93300
2022-04-06,T,105500
2022-04-06,B,539668
2022-04-06,A,127419
2022-04-07,T,59300
2022-04-07,B,475000
2022-04-07,A,51200
2022-04-08,B,335212
2022-04-08,A,52600
2022-04-08,T,50800
2022-04-09,B,523100
2022-04-09,T,126700
2022-04-09,A,79500
2022-04-10,A,57100
2022-04-10,B,770046
2022-04-10,T,46900
2022-04-11,T,79600
2022-04-11,A,72940
2022-04-11,B,342600
2022-04-12,A,45700
2022-04-12,B,661092
2022-04-12,T,135000
2022-04-13,A,66900
2022-04-13,T,79300
2022-04-13,B,584100
2022-04-14,T,50600
2022-04-14,B,647028
2022-04-14,A,74800
2022-04-15,A,85800
2022-04-15,T,70500
2022-04-15,B,537284
2022-04-16,T,21900
2022-04-16,A,113800
2022-04-16,B,315192
2022-04-17,A,92500
2022-04-17,B,627892
2022-04-17,T,70400
2022-04-18,A,123212
2022-04-18,B,577928
2022-04-18,T,37200
2022-04-19,B,509892
2022-04-19,A,54919
2022-04-19,T,25000
2022-04-20,B,536746
2022-04-20,T,50100
2022-04-20,A,74100
2022-04-21,A,28000
2022-04-21,B,578046
2022-04-21,T,34000
2022-04-22,T,30200
2022-04-22,B,492332
2022-04-22,A,97140
2022-04-23,T,82740
2022-04-23,A,97800
2022-04-23,B,490437
2022-04-24,B,509000
2022-04-24,A,48200
2022-04-24,T,36700
2022-04-25,T,44000
2022-04-25,B,595850
2022-04-25,A,55560
2022-04-26,T,30840
2022-04-26,A,84360
2022-04-26,B,574100
2022-04-27,T,29800
2022-04-27,B,519446
2022-04-27,A,143826
2022-04-28,B,303300
2022-04-28,A,84889
2022-04-28,T,38700
2022-04-29,T,90092
2022-04-29,B,560346
2022-04-29,A,62100
2022-04-30,A,56200
2022-04-30,B,375660
2022-04-30,T,41190
2022-05-01,A,46950
2022-05-01,B,398143
2022-05-01,T,43090
2022-05-02,T,54819
2022-05-02,B,562873
2022-05-02,A,38980
2022-05-03,A,80360
2022-05-03,T,30840
2022-05-03,B,445284
2022-05-04,A,56620
2022-05-04,B,509200
2022-05-04,T,44390
2022-05-05,A,78200
2022-05-05,T,18390
2022-05-05,B,550952
2022-05-06,A,87500
2022-05-06,B,358700
2022-05-06,T,21200
2022-05-07,B,270392
2022-05-07,A,43400
2022-05-07,T,56800
2022-05-08,A,47599
2022-05-08,T,33936
2022-05-08,B,567492
2022-05-09,B,488846
2022-05-09,A,44200
2022-05-09,T,43800
2022-05-10,A,47140
2022-05-10,B,318422
2022-05-10,T,18546
2022-05-11,B,432200
2022-05-11,T,23900
2022-05-11,A,73380
2022-05-12,T,33800
2022-05-12,B,356946
2022-05-12,A,37900
2022-05-13,A,83800
2022-05-13,B,400546
2022-05-13,T,13290
2022-05-14,A,65940
2022-05-14,B,414302
2022-05-14,T,33190
2022-05-15,A,69709
2022-05-15,B,558985
2022-05-15,T,119936
2022-05-16,T,24936
2022-05-16,A,53346
2022-05-16,B,576820
2022-05-17,B,276792
2022-05-17,T,20546
2022-05-17,A,75500
2022-05-18,A,92846
2022-05-18,B,324292
2022-05-19,B,410292
2022-05-19,A,95000
2022-05-19,T,4200
2022-05-20,B,330092
2022-05-20,T,26000
2022-05-20,A,78000
2022-05-21,A,58000
2022-05-21,B,211400
2022-05-22,A,63600
2022-05-22,T,24000
2022-05-22,B,447500
2022-05-23,A,41300
2022-05-23,T,35000
2022-05-23,B,219120
2022-05-24,A,93600
2022-05-24,T,16000
2022-05-24,B,484600
2022-05-25,B,432838
2022-05-25,A,81000
2022-05-26,B,349490
2022-05-26,A,81200
2022-05-27,T,14300
2022-05-27,A,60640
2022-05-27,B,231093
2022-05-28,T,16000
2022-05-28,A,80600
2022-05-28,B,316792
2022-05-29,A,36100
2022-05-29,B,420230
2022-05-29,T,13000
2022-05-30,B,364200
2022-05-30,T,74619
2022-05-30,A,110146
2022-05-31,B,334046
2022-05-31,A,60000
2022-05-31,T,16000
2022-06-01,A,94400
2022-06-01,T,20800
2022-06-01,B,303000
2022-06-02,A,54800
2022-06-02,B,321300
2022-06-02,T,5500
2022-06-03,A,72900
2022-06-03,T,13390
2022-06-03,B,217900
2022-06-04,B,262200
2022-06-04,A,4909
2022-06-04,T,24390
2022-06-05,T,36690
2022-06-05,B,422492
2022-06-05,A,84100
2022-06-06,T,36980
2022-06-06,A,89100
2022-06-06,B,255600
2022-06-07,T,60600
2022-06-07,A,73600
2022-06-07,B,270500
2022-06-08,A,59838
2022-06-08,B,298323
2022-06-08,T,56236
2022-06-09,T,34300
2022-06-09,B,180100
2022-06-09,A,51609
2022-06-10,A,76900
2022-06-10,T,35690
2022-06-10,B,318892
2022-06-11,B,188400
2022-06-11,A,31700
2022-06-11,T,4200
2022-06-12,A,54800
2022-06-12,T,10200
2022-06-12,B,266828
2022-06-13,T,75700
2022-06-13,B,293900
2022-06-13,A,98400
2022-06-14,A,66600
2022-06-14,B,229700
2022-06-14,T,8000
2022-06-15,A,85500
2022-06-15,B,274850
2022-06-15,T,10780
2022-06-16,A,50200
2022-06-16,T,62000
2022-06-16,B,342192
2022-06-17,A,53400
2022-06-17,B,246200
2022-06-17,T,26190
2022-06-18,B,444692
2022-06-18,A,34400
2022-06-19,A,30100
2022-06-19,T,38100
2022-06-19,B,261800
2022-06-20,A,156040
2022-06-20,T,5390
2022-06-20,B,277830
2022-06-21,A,58700
2022-06-21,T,8400
2022-06-21,B,271662
2022-06-22,A,41700
2022-06-22,B,276280
2022-06-23,B,366750
2022-06-23,A,37600
2022-06-23,T,37690
2022-06-24,A,76500
2022-06-24,B,288760
2022-06-25,A,52600
2022-06-25,B,343230
2022-06-26,B,321512
2022-06-26,A,66440
2022-06-26,T,16000
2022-06-27,A,58900
2022-06-27,B,249780
2022-06-28,A,71100
2022-06-28,B,355340
2022-06-29,A,85800
2022-06-29,T,16800
2022-06-29,B,358292
2022-06-30,B,192075
2022-06-30,A,22600
2022-07-01,B,925515
2022-07-01,T,10890
2022-07-01,A,116110
2022-07-02,B,618798
2022-07-02,T,45790
2022-07-02,A,54859
2022-07-03,T,20500
2022-07-03,A,64400
2022-07-03,B,610321
2022-07-04,B,441022
2022-07-04,A,40900
2022-07-05,T,22219
2022-07-05,A,42130
2022-07-05,B,434100
2022-07-06,A,74190
2022-07-06,T,21400
2022-07-06,B,560410
2022-07-07,A,79820
2022-07-07,T,13790
2022-07-07,B,404668
2022-07-08,T,57600
2022-07-08,B,320276
2022-07-08,A,42300
2022-07-09,B,430112
2022-07-09,T,10780
2022-07-09,A,13400
2022-07-10,T,34690
2022-07-10,A,71830
2022-07-10,B,518812
2022-07-11,A,38900
2022-07-11,T,42900
2022-07-11,B,238550
2022-07-12,A,50359
2022-07-12,T,21000
2022-07-12,B,331390
2022-07-13,A,42000
2022-07-13,T,15400
2022-07-13,B,377900
2022-07-14,B,235145
2022-07-14,A,57276
2022-07-14,T,7700
2022-07-15,B,290066
2022-07-15,A,31300
2022-07-15,T,8400
2022-07-16,T,8400
2022-07-16,B,256506
2022-07-16,A,40209
2022-07-17,T,38500
2022-07-17,B,241100
2022-07-17,A,46300
2022-07-18,B,339602
2022-07-18,A,21500
2022-07-18,T,38800
2022-07-19,T,18000
2022-07-19,A,42500
2022-07-19,B,206562
2022-07-20,A,55590
2022-07-20,B,390722
2022-07-20,T,16400
2022-07-21,T,38190
2022-07-21,A,16800
2022-07-21,B,337210
2022-07-22,B,318926
2022-07-22,A,25800
2022-07-23,A,41190
2022-07-23,B,265866
2022-07-23,T,20600
2022-07-24,T,22400
2022-07-24,A,40530
2022-07-24,B,266985
2022-07-25,T,10000
2022-07-25,A,60730
2022-07-25,B,284956
2022-07-26,T,27300
2022-07-26,B,201590
2022-07-26,A,24900
2022-07-27,A,35150
2022-07-27,T,25200
2022-07-27,B,203650
2022-07-28,B,302550
2022-07-28,A,33400
2022-07-29,A,17800
2022-07-29,B,326812
2022-07-29,T,16100
2022-07-30,B,443632
2022-07-30,A,57209
2022-07-30,T,24600
2022-07-31,A,78260
2022-07-31,T,51790
2022-07-31,B,435290
