index,diabetes
5558,0
97213,0
76753,0
80862,0
6732,0
43275,0
27570,0
28456,0
75159,0
84132,0
5449,0
59655,0
46357,0
68629,0
86530,0
41526,0
6840,0
79188,0
50239,0
63184,0
19303,0
53969,0
98644,0
85650,0
54398,0
32460,0
62916,0
21865,0
76857,0
31613,0
35184,0
81491,0
16125,0
72665,0
79469,0
89601,0
73249,0
31067,0
25005,0
77045,0
32180,0
37959,0
41701,0
65295,0
19912,0
33677,0
43446,0
36945,0
42447,0
44678,0
98217,0
22361,0
31631,0
50768,0
67581,0
8224,0
91387,0
75523,0
26885,0
52251,0
31470,0
13180,0
35784,0
35400,0
59453,0
96061,0
52603,0
37403,0
42505,0
11002,0
88169,0
98751,0
25867,0
50240,0
34009,0
26412,0
77816,0
57414,0
22594,0
73079,0
94485,0
22275,0
66415,0
93526,0
14156,0
99740,0
73002,0
88597,0
8319,0
41969,0
77715,0
27640,0
36220,0
93176,0
77979,0
81063,0
10772,0
35865,0
19662,0
66444,0
12975,0
96017,0
92578,0
16451,0
83269,0
68169,0
99005,0
918,0
6813,0
79059,0
56318,0
71566,0
53482,0
51531,0
20932,0
67845,0
70902,0
29173,0
99552,0
84615,0
47839,0
16128,0
23844,0
82291,0
81663,0
47307,0
97334,0
92568,0
39413,0
62569,0
31482,0
12027,0
52109,0
95420,0
60386,0
47280,0
47205,0
12724,0
89137,0
79941,0
78107,0
93001,0
85696,0
64502,0
28886,0
8953,0
39528,0
65092,0
98533,0
4110,0
46283,0
19025,0
46411,0
21744,0
76170,0
68334,0
6769,0
14202,0
47386,0
80260,0
83566,0
89224,0
90103,0
77849,0
8519,0
2873,0
32202,0
62874,0
69999,0
6719,0
5531,0
93864,0
97093,0
29924,0
50543,0
46560,0
92865,0
48346,0
18241,0
77170,0
92190,0
28848,0
26521,0
3226,0
54906,0
22447,0
32814,0
76056,0
73771,0
86484,0
84846,0
28019,0
91843,0
52342,0
13152,0
50814,0
35929,0
71504,0
52784,0
9130,0
35823,0
22682,0
68853,0
60840,0
40713,0
73306,0
45916,0
35159,0
36850,0
78894,0
7026,0
464,0
78606,0
96253,0
63953,0
40433,0
4887,0
75812,0
22358,0
85656,0
92577,0
30861,0
98477,0
10297,0
6736,0
66941,0
55484,0
4733,0
97299,0
21153,0
88669,0
32458,0
50519,0
3307,0
53945,0
77552,0
78601,0
39864,0
25421,0
32566,0
86882,0
37663,0
52018,0
63826,0
57308,0
53028,0
59397,0
5688,0
88253,0
41009,0
39992,0
16074,0
60167,0
81359,0
82675,0
13559,0
64212,0
86823,0
59399,0
14249,0
76262,0
29213,0
58103,0
65360,0
98763,0
23286,0
52513,0
37938,0
93929,0
53109,0
48399,0
43399,0
24773,0
59114,0
62360,0
91771,0
73315,0
59831,0
1767,0
29441,0
38930,0
44117,0
91624,0
72619,0
82756,0
97962,0
50115,0
6858,0
44266,0
1701,0
31360,0
59008,0
91576,0
59964,0
86398,0
37412,0
65648,0
40691,0
9299,0
24105,0
67618,0
86234,0
86992,0
33914,0
26303,0
76651,0
73632,0
93286,0
98509,0
59010,0
22661,0
12567,0
12408,0
76083,0
33455,0
56364,0
37200,0
49162,0
49192,0
81386,0
45689,0
78940,0
24351,0
31089,0
46873,0
87511,0
60194,0
94175,0
61186,0
20367,0
43590,0
53810,0
33855,0
91871,0
69494,0
98723,0
60596,0
52002,0
99653,0
92573,0
15724,0
77785,0
16010,0
65100,0
20868,0
604,0
36786,0
46240,0
47191,0
33979,0
35310,0
66985,0
24896,0
66162,0
89262,0
54336,0
11841,0
6066,0
61799,0
70152,0
39130,0
64542,0
7974,0
4235,0
14892,0
77202,0
23683,0
3041,0
36006,0
66664,0
66013,0
94170,0
92576,0
35506,0
4661,0
65830,0
69282,0
97952,0
10030,0
93071,0
57358,0
15700,0
48647,0
12490,0
44737,0
83898,0
3094,0
19473,0
73153,0
39899,0
9223,0
34426,0
92216,0
36509,0
61396,0
1284,0
97311,0
42459,0
88542,0
46981,0
13711,0
30186,0
93697,0
4796,0
46200,0
15651,0
70333,0
6191,0
47067,0
39205,0
13913,0
80642,0
55566,0
56473,0
53387,0
79684,0
14576,0
82758,0
48825,0
80742,0
46862,0
16034,0
8380,0
54393,0
6243,0
22880,0
86011,0
8723,0
23044,0
38574,0
28993,0
58489,0
69885,0
9896,0
88783,0
26057,0
88493,0
78408,0
90863,0
72875,0
36700,0
11907,0
38865,0
75287,0
77558,0
30491,0
43801,0
10096,0
33264,0
698,0
71525,0
60783,0
87910,0
25380,0
19329,0
9016,0
53041,0
41525,0
95164,0
49272,0
85770,0
94714,0
3117,0
88688,0
3892,0
84841,0
28493,0
51232,0
57114,0
49545,0
4871,0
43924,0
26972,0
68188,0
43741,0
39231,0
7049,0
57621,0
65034,0
38400,0
28585,0
47961,0
9432,0
31837,0
90333,0
29460,0
37932,0
85884,0
28176,0
65032,0
56352,0
81649,0
64057,0
33150,0
95659,0
11478,0
81578,0
21740,0
15172,0
60205,0
19525,0
87062,0
89372,0
89437,0
27853,0
31125,0
17951,0
70225,0
23136,0
94497,0
42340,0
30467,0
95024,0
43396,0
84267,0
12943,0
14267,0
44562,0
2811,0
53716,0
87164,0
45578,0
88443,0
75354,0
73117,0
53365,0
56395,0
43168,0
60326,0
37474,0
48667,0
25453,0
48564,0
37108,0
57068,0
95493,0
59904,0
14533,0
50666,0
11376,0
64822,0
65453,0
68269,0
49686,0
33621,0
76138,0
88859,0
91437,0
9201,0
51459,0
96423,0
56694,0
11846,0
9755,0
51660,0
87680,0
69458,0
91312,0
86776,0
92187,0
83656,0
33909,0
69135,0
11274,0
36797,0
19195,0
36784,0
26632,0
14477,0
52110,0
59479,0
55460,0
83775,0
3269,0
74697,0
78754,0
6385,0
540,0
59500,0
71461,0
51995,0
18427,0
89506,0
75129,0
44010,0
23248,0
27880,0
71173,0
9925,0
19244,0
23598,0
80576,0
49931,0
21117,0
35295,0
47555,0
94430,0
44574,0
63726,0
14486,0
92779,0
64722,0
54502,0
5685,0
48812,0
86854,0
50432,0
60839,0
46410,0
26513,0
3051,0
12224,0
97214,0
82177,0
29561,0
40638,0
92902,0
61029,0
4736,0
33186,0
4513,0
45812,0
43378,0
53026,0
490,0
19373,0
63980,0
86793,0
5793,0
55608,0
58371,0
60101,0
91268,0
2382,0
99698,0
80707,0
91975,0
31593,0
98436,0
15371,0
18568,0
54005,0
74784,0
89552,0
93226,0
87768,0
99741,0
28921,0
73758,0
13378,0
22430,0
9269,0
10470,0
20729,0
20505,0
80785,0
11369,0
74727,0
23501,0
69662,0
54977,0
98190,0
93391,0
61417,0
65398,0
1685,0
17595,0
53796,0
89038,0
16906,0
26636,0
68695,0
64573,0
1650,0
93988,0
855,0
10317,0
34158,0
48732,0
73094,0
13933,0
92273,0
33657,0
84707,0
11854,0
45197,0
32123,0
50398,0
37690,0
16868,0
18944,0
85063,0
20566,0
50911,0
55490,0
73836,0
45285,0
64381,0
38271,0
32003,0
35292,0
31868,0
47035,0
81370,0
17138,0
6182,0
63834,0
7389,0
44544,0
18918,0
90135,0
40312,0
97701,0
95836,0
12504,0
61818,0
25439,0
18533,0
51640,0
56077,0
70695,0
58896,0
51015,0
42016,0
90124,0
778,0
98672,0
59783,0
5521,0
27395,0
21032,0
64705,0
93807,0
33676,0
35266,0
55129,0
68674,0
73235,0
46820,0
59434,0
3013,0
85528,0
50357,0
73510,0
37494,0
76419,0
86156,0
90866,0
84226,0
65063,0
1816,0
61743,0
73875,0
52916,0
72933,0
6332,0
1413,0
84106,0
53336,0
64544,0
4191,0
48740,0
62997,0
55510,0
46309,0
48047,0
31998,0
58823,0
21593,0
29939,0
94394,0
35999,0
62996,0
77442,0
98448,0
55952,0
35218,0
18400,0
75968,0
89724,0
87409,0
60720,0
72963,0
16147,0
76612,0
78267,0
51736,0
15498,0
86692,0
87045,0
40309,0
95301,0
73853,0
94755,0
56713,0
40391,0
45953,0
95318,0
74664,0
66196,0
88271,0
52343,0
89945,0
50192,0
65276,0
82477,0
35311,0
71528,0
28448,0
48587,0
4942,0
54537,0
82746,0
24471,0
91004,0
49710,0
87934,0
83905,0
99983,0
98547,0
35688,0
16474,0
5683,0
6779,0
57091,0
37776,0
21738,0
40253,0
73068,0
95264,0
73820,0
14668,0
6224,0
27724,0
72142,0
50942,0
83319,0
27273,0
92478,0
55294,0
98944,0
41516,0
25094,0
3142,0
71149,0
66786,0
45496,0
47525,0
38174,0
93956,0
87201,0
76126,0
83584,0
10144,0
97884,0
22364,0
39441,0
97217,0
90977,0
60317,0
10700,0
97400,0
4636,0
17947,0
60654,0
90229,0
19084,0
18303,0
38812,0
58423,0
84537,0
68245,0
52936,0
84686,0
35294,0
763,0
99767,0
55260,0
90408,0
33156,0
43569,0
72431,0
57104,0
10808,0
23780,0
40901,0
86480,0
8802,0
15886,0
18423,0
11144,0
42734,0
82474,0
58514,0
76255,0
69618,0
71193,0
15180,0
43311,0
28435,0
63688,0
16724,0
95072,0
74610,0
89237,0
69433,0
70301,0
77377,0
42109,0
75908,0
65939,0
30038,0
30421,0
5515,0
92051,0
51844,0
50675,0
88582,0
74040,0
25500,0
18790,0
24884,0
91072,0
32603,0
22620,0
13820,0
50705,0
62387,0
87302,0
8106,0
75881,0
63817,0
64423,0
29821,0
19167,0
54987,0
88092,0
98899,0
17876,0
82846,0
98144,0
38968,0
85835,0
55182,0
45236,0
77420,0
90069,0
2249,0
80099,0
52302,0
96108,0
46269,0
43388,0
46015,0
9983,0
11293,0
4969,0
32152,0
66736,0
66174,0
92814,0
9439,0
6953,0
65284,0
99352,0
54158,0
91471,0
57996,0
81253,0
41109,0
31897,0
42206,0
17708,0
84239,0
3452,0
64427,0
51350,0
42603,0
22835,0
52185,0
9108,0
60254,0
99197,0
10952,0
14099,0
60790,0
15672,0
97845,0
73662,0
19242,0
79102,0
28375,0
9211,0
75696,0
12886,0
52425,0
78245,0
4196,0
65672,0
44457,0
26459,0
41086,0
79218,0
17292,0
51138,0
50114,0
23233,0
39056,0
95884,0
76454,0
206,0
52908,0
27961,0
78543,0
41061,0
81613,0
8164,0
15214,0
96917,0
79023,0
2858,0
36550,0
92607,0
18809,0
36935,0
84294,0
40344,0
68634,0
90231,0
68923,0
6546,0
85392,0
66017,0
4668,0
94274,0
22268,0
37964,0
49247,0
83468,0
41821,0
91031,0
40703,0
37551,0
41908,0
8032,0
84436,0
78170,0
43384,0
44107,0
11335,0
92327,0
79849,0
97484,0
60964,0
38363,0
45466,0
13875,0
77718,0
77798,0
89034,0
79645,0
4295,0
18258,0
2222,0
94505,0
7538,0
64560,0
37241,0
7341,0
8365,0
64830,0
62820,0
32111,0
97467,0
49752,0
14940,0
43508,0
13548,0
80545,0
96654,0
91342,0
13006,0
50093,0
37988,0
50125,0
32707,0
42320,0
55187,0
64880,0
8549,0
89589,0
42177,0
90091,0
1064,0
75846,0
40426,0
56669,0
72470,0
88739,0
24672,0
93211,0
89452,0
81142,0
92290,0
23849,0
66331,0
78108,0
48186,0
71218,0
41397,0
21140,0
86400,0
80969,0
21545,0
93702,0
63289,0
64821,0
88106,0
23259,0
55303,0
7998,0
56117,0
5769,0
23140,0
27538,0
59718,0
37120,0
99863,0
76450,0
64189,0
64634,0
5416,0
18025,0
16747,0
89271,0
34788,0
80836,0
88479,0
87516,0
370,0
85501,0
95041,0
80292,0
31836,0
36668,0
92517,0
25249,0
82829,0
34401,0
70121,0
49259,0
60997,0
38050,0
94138,0
47259,0
91459,0
5804,0
85488,0
90983,0
3394,0
42757,0
48640,0
62351,0
63644,0
56520,0
6520,0
27218,0
76250,0
48709,0
32024,0
61070,0
97147,0
48329,0
77595,0
89480,0
63487,0
34139,0
58684,0
74934,0
32438,0
8199,0
32983,0
98360,0
35392,0
27699,0
78706,0
98629,0
8599,0
72527,0
70382,0
36053,0
34890,0
56515,0
47096,0
14803,0
98809,0
85241,0
43705,0
28187,0
19023,0
80673,0
78359,0
63536,0
13569,0
52143,0
62520,0
1621,0
40450,0
56796,0
54360,0
20194,0
9228,0
51365,0
45443,0
204,0
70380,0
25628,0
4269,0
36414,0
73095,0
40684,0
36185,0
68775,0
65873,0
58019,0
70045,0
38301,0
90212,0
40170,0
29777,0
67055,0
41718,0
74078,0
3623,0
52960,0
77207,0
85326,0
10308,0
12772,0
78250,0
16408,0
10358,0
27972,0
37082,0
57519,0
54662,0
42468,0
17836,0
40875,0
8694,0
44191,0
88190,0
72760,0
95401,0
67212,0
2008,0
36778,0
85301,0
96735,0
18052,0
96622,0
13224,0
94599,0
41149,0
39452,0
80973,0
5956,0
82878,0
40535,0
6862,0
57289,0
4114,0
23741,0
21869,0
50910,0
48929,0
21452,0
6031,0
16186,0
90551,0
90907,0
48945,0
41017,0
46050,0
79216,0
35148,0
58901,0
94713,0
74381,0
84087,0
12257,0
55978,0
55995,0
61122,0
64603,0
19381,0
32289,0
4434,0
27217,0
21413,0
21019,0
40106,0
51642,0
31150,0
44686,0
62133,0
82147,0
34553,0
48617,0
76040,0
4407,0
62966,0
25296,0
14570,0
2160,0
20159,0
62205,0
96700,0
10215,0
42189,0
3129,0
14489,0
33620,0
21720,0
74703,0
81401,0
66428,0
99280,0
72776,0
78030,0
7947,0
35378,0
83735,0
40649,0
15807,0
40510,0
59912,0
58105,0
11363,0
58944,0
99324,0
95960,0
5420,0
6561,0
45037,0
86165,0
34472,0
41509,0
97038,0
95689,0
74358,0
92310,0
60015,0
64174,0
54029,0
51553,0
14353,0
70215,0
63916,0
73208,0
33693,0
28033,0
52237,0
93592,0
76614,0
87869,0
98107,0
90136,0
32968,0
84323,0
69875,0
81909,0
82545,0
12926,0
9038,0
95974,0
52890,0
22256,0
22021,0
36468,0
94939,0
19216,0
66205,0
74246,0
71434,0
93475,0
76675,0
56774,0
14228,0
49044,0
85204,0
61913,0
32008,0
93132,0
14915,0
8398,0
65744,0
15919,0
11796,0
13107,0
43352,0
62415,0
18439,0
89860,0
88709,0
48485,0
98647,0
2624,0
76636,0
82646,0
50776,0
6916,0
78851,0
45531,0
33421,0
11501,0
18176,0
69551,0
2642,0
82950,0
55030,0
28508,0
79230,0
20518,0
31495,0
20319,0
96242,0
24771,0
79714,0
39681,0
28067,0
15813,0
21662,0
41173,0
91080,0
27262,0
1389,0
135,0
38191,0
20720,0
83863,0
46918,0
36553,0
44405,0
71559,0
85153,0
27502,0
45954,0
75798,0
97719,0
49645,0
30255,0
75116,0
27404,0
94159,0
46340,0
35377,0
98141,0
88831,0
44517,0
25098,0
9572,0
59505,0
72740,0
65585,0
96422,0
99003,0
10469,0
78856,0
95453,0
3274,0
86057,0
94598,0
93106,0
71933,0
41211,0
19543,0
44203,0
21130,0
87953,0
92992,0
3537,0
44469,0
4118,0
61717,0
37583,0
39879,0
99248,0
2504,0
67020,0
19086,0
91066,0
22925,0
69496,0
54649,0
35113,0
82898,0
26133,0
54117,0
55342,0
42070,0
69682,0
16504,0
30806,0
51722,0
63602,0
47766,0
94682,0
10437,0
63134,0
3454,0
2614,0
87051,0
55305,0
61893,0
45989,0
32005,0
50179,0
97469,0
56685,0
6281,0
88665,0
3198,0
15904,0
40604,0
79904,0
79666,0
92909,0
37978,0
42445,0
68732,0
59311,0
84216,0
97209,0
11051,0
36624,0
37777,0
48817,0
5634,0
85555,0
16236,0
75726,0
89358,0
14308,0
22028,0
44169,0
40541,0
28678,0
29903,0
7294,0
70825,0
13851,0
50734,0
42386,0
70661,0
29323,0
87875,0
82042,0
9407,0
86957,0
75272,0
50816,0
43739,0
38199,0
80525,0
2426,0
47875,0
56374,0
62431,0
51678,0
20130,0
95071,0
9900,0
17980,0
16791,0
57400,0
14543,0
54471,0
14795,0
38940,0
82899,0
52508,0
73435,0
21554,0
69466,0
93311,0
52609,0
44427,0
35556,0
58910,0
49196,0
38276,0
76721,0
10811,0
93561,0
43768,0
76331,0
47801,0
87361,0
59923,0
12563,0
53829,0
17267,0
67644,0
53133,0
25190,0
84208,0
7881,0
16925,0
25495,0
61858,0
72366,0
30483,0
87601,0
1507,0
5553,0
90296,0
22570,0
42503,0
43579,0
39087,0
4943,0
95923,0
70620,0
57706,0
69765,0
81796,0
61650,0
26026,0
16321,0
28243,0
11139,0
2534,0
12169,0
69928,0
32678,0
57395,0
87957,0
36062,0
7324,0
30947,0
21665,0
50558,0
32724,0
72868,0
6287,0
71913,0
24123,0
66668,0
31750,0
33522,0
5627,0
4857,0
76092,0
54230,0
84321,0
95120,0
25280,0
48625,0
58428,0
45889,0
83190,0
5431,0
90291,0
59274,0
20169,0
9474,0
17539,0
39226,0
45416,0
97521,0
89827,0
8373,0
39713,0
10767,0
5792,0
49589,0
82519,0
63964,0
88186,0
42565,0
46339,0
69610,0
96886,0
81602,0
31778,0
51578,0
36913,0
27080,0
41883,0
17852,0
95028,0
11826,0
79344,0
6518,0
36369,0
52056,0
13760,0
18990,0
68352,0
10306,0
80367,0
38935,0
42258,0
1233,0
82459,0
14699,0
12232,0
63897,0
94493,0
53647,0
7073,0
16501,0
93423,0
63370,0
13962,0
90093,0
9814,0
3100,0
61671,0
5151,0
63490,0
59759,0
11433,0
18237,0
84184,0
77961,0
99840,0
55875,0
81716,0
15580,0
54068,0
5351,0
83387,0
70051,0
84423,0
40718,0
8596,0
5737,0
3873,0
29872,0
30850,0
39753,0
29727,0
60867,0
6511,0
70648,0
29159,0
66558,0
5308,0
62812,0
39101,0
70457,0
36034,0
61331,0
61788,0
90795,0
37533,0
83129,0
92661,0
89260,0
68772,0
65821,0
3923,0
6755,0
65806,0
51977,0
30977,0
41823,0
5388,0
21099,0
91686,0
4274,0
21514,0
69998,0
53894,0
53220,0
11737,0
21359,0
20991,0
63142,0
66687,0
6316,0
60910,0
62852,0
61897,0
52259,0
88583,0
11128,0
6671,0
20316,0
47185,0
73980,0
64094,0
1704,0
58863,0
85298,0
34952,0
72221,0
78424,0
36854,0
27420,0
80408,0
7639,0
67863,0
4455,0
96180,0
79019,0
55080,0
36687,0
28184,0
49387,0
40126,0
89813,0
11154,0
88649,0
6882,0
71907,0
16848,0
80746,0
6904,0
26366,0
90901,0
76904,0
23556,0
78617,0
49828,0
10429,0
30848,0
42735,0
51771,0
6869,0
46637,0
98743,0
94231,0
12317,0
6647,0
4602,0
21601,0
27451,0
60243,0
37449,0
88358,0
71596,0
27486,0
82296,0
74982,0
64025,0
63480,0
60618,0
81038,0
35273,0
91106,0
12721,0
93052,0
2343,0
83043,0
97194,0
52228,0
9262,0
31356,0
25509,0
84913,0
10133,0
57181,0
56711,0
15789,0
62119,0
29530,0
5555,0
54089,0
92796,0
30109,0
14958,0
3153,0
31178,0
77829,0
53465,0
70986,0
24621,0
8779,0
18553,0
25644,0
52954,0
32149,0
68442,0
16445,0
163,0
29941,0
52978,0
32628,0
74540,0
69175,0
82983,0
91671,0
25372,0
45988,0
38855,0
34183,0
30724,0
59527,0
38090,0
28148,0
19885,0
46937,0
33081,0
85714,0
94388,0
54074,0
32850,0
16315,0
15420,0
33709,0
11779,0
86586,0
81552,0
31057,0
47367,0
52199,0
72787,0
31152,0
75363,0
69939,0
44236,0
31496,0
32909,0
98492,0
43976,0
50400,0
86995,0
29750,0
49572,0
26231,0
2705,0
5107,0
26731,0
23650,0
82676,0
54658,0
27626,0
2760,0
66555,0
13318,0
39903,0
87495,0
41039,0
86325,0
94658,0
6753,0
68475,0
20239,0
71711,0
33557,0
75332,0
63538,0
86555,0
18323,0
95037,0
3328,0
41978,0
93209,0
44866,0
91482,0
33438,0
42170,0
29723,0
4564,0
56558,0
68492,0
51515,0
34197,0
53453,0
28695,0
32995,0
85412,0
23613,0
86885,0
76756,0
72326,0
76734,0
62683,0
89435,0
16285,0
12693,0
92961,0
92042,0
37797,0
7988,0
96869,0
54878,0
91118,0
59742,0
40115,0
65923,0
48209,0
42613,0
14605,0
86451,0
15431,0
51868,0
32704,0
7219,0
50650,0
56173,0
57977,0
94444,0
56786,0
57197,0
92910,0
75132,0
27242,0
49344,0
8476,0
83857,0
70707,0
84905,0
50887,0
811,0
55061,0
62676,0
22674,0
47621,0
91026,0
47010,0
47900,0
96753,0
56513,0
51948,0
81095,0
69684,0
22726,0
40445,0
70102,0
65475,0
212,0
90488,0
80897,0
63281,0
74515,0
68771,0
32248,0
53345,0
76381,0
54055,0
37722,0
92159,0
34221,0
75476,0
8747,0
51045,0
35707,0
39926,0
65097,0
31392,0
61927,0
45639,0
2827,0
15984,0
79505,0
72832,0
75459,0
39657,0
3672,0
9392,0
21859,0
55369,0
51147,0
97108,0
20628,0
89334,0
60739,0
30623,0
49716,0
68678,0
29716,0
36531,0
34125,0
65447,0
38528,0
18197,0
66409,0
5887,0
41378,0
284,0
90699,0
68013,0
46349,0
44492,0
51183,0
1239,0
2627,0
66646,0
91354,0
4251,0
49334,0
8440,0
94000,0
62136,0
12309,0
34550,0
39044,0
50308,0
88297,0
7784,0
83132,0
71485,0
12035,0
93019,0
32550,0
56135,0
2230,0
55258,0
61815,0
38755,0
33411,0
70298,0
11217,0
83838,0
87280,0
38096,0
7734,0
69922,0
71873,0
20846,0
53435,0
55948,0
64539,0
92587,0
31364,0
18532,0
11095,0
9043,0
22107,0
30904,0
35628,0
21029,0
33925,0
29153,0
64727,0
20794,0
44869,0
83985,0
21207,0
86274,0
86040,0
6126,0
30738,0
35571,0
83117,0
49885,0
72437,0
61476,0
17662,0
23854,0
55754,0
11426,0
16799,0
55120,0
47948,0
9260,0
93258,0
6144,0
1643,0
30032,0
11096,0
71435,0
62304,0
71069,0
93604,0
64766,0
86421,0
68654,0
84584,0
92139,0
5509,0
20683,0
16730,0
32739,0
21293,0
11667,0
41384,0
94874,0
99398,0
44701,0
39176,0
40625,0
51370,0
44608,0
55762,0
41071,0
42720,0
81754,0
86058,0
31722,0
31997,0
73004,0
63901,0
10630,0
2861,0
1394,0
37251,0
33286,0
48496,0
59882,0
85381,0
34309,0
33484,0
59917,0
72504,0
7106,0
24932,0
58098,0
17172,0
81867,0
90686,0
30982,0
6939,0
34213,0
63815,0
92523,0
94098,0
50523,0
58661,0
27330,0
5039,0
354,0
51987,0
29851,0
73854,0
70259,0
85470,0
41190,0
84308,0
83714,0
3505,0
13184,0
60886,0
93008,0
42746,0
38883,0
81960,0
95409,0
26979,0
84249,0
49932,0
89984,0
71106,0
82448,0
40198,0
23893,0
20593,0
99074,0
40980,0
2712,0
56090,0
9539,0
9500,0
55135,0
49627,0
58937,0
66105,0
24183,0
40347,0
3353,0
92811,0
87568,0
73606,0
25073,0
83811,0
93089,0
28257,0
91321,0
1185,0
98418,0
83681,0
90874,0
82479,0
28053,0
60297,0
46184,0
63368,0
86625,0
72638,0
17275,0
83970,0
64980,0
98214,0
28486,0
7677,0
61094,0
26899,0
28124,0
95353,0
39336,0
9688,0
22120,0
37641,0
11039,0
14056,0
41936,0
83028,0
12925,0
14904,0
4911,0
60213,0
28269,0
18073,0
97322,0
94229,0
23868,0
52418,0
12667,0
12876,0
7437,0
23305,0
49163,0
10978,0
11781,0
18238,0
36857,0
91744,0
30304,0
9709,0
95639,0
58509,0
49434,0
22123,0
34237,0
62842,0
36839,0
53541,0
23139,0
88140,0
92030,0
3551,0
75312,0
63697,0
46099,0
59599,0
79544,0
91799,0
50375,0
23054,0
35900,0
6549,0
30083,0
64612,0
53228,0
48303,0
87902,0
9829,0
64015,0
85660,0
52981,0
75027,0
17483,0
32514,0
89002,0
57871,0
71562,0
69300,0
26287,0
61636,0
47183,0
62686,0
2355,0
45495,0
2656,0
13452,0
29568,0
49332,0
13960,0
74416,0
20796,0
90950,0
12310,0
31753,0
75848,0
71368,0
58677,0
36190,0
42402,0
47867,0
21783,0
26914,0
85335,0
66669,0
84368,0
50797,0
11256,0
30999,0
84439,0
74482,0
40948,0
73745,0
9846,0
24726,0
64780,0
30552,0
10036,0
45564,0
57696,0
62307,0
50100,0
15599,0
63904,0
91097,0
27197,0
34585,0
25523,0
82452,0
57946,0
81310,0
97773,0
57225,0
31769,0
61074,0
20856,0
44092,0
39690,0
57655,0
71340,0
90322,0
75670,0
45632,0
8242,0
82705,0
27735,0
96153,0
28423,0
94732,0
3663,0
99238,0
80359,0
57159,0
41656,0
28969,0
8828,0
98438,0
49081,0
41480,0
39025,0
15870,0
63540,0
2808,0
38229,0
91966,0
40005,0
16428,0
2060,0
57668,0
42866,0
62257,0
76624,0
48417,0
20676,0
88759,0
3252,0
18095,0
19953,0
91325,0
41815,0
34211,0
99169,0
71109,0
32316,0
35176,0
35634,0
42274,0
97833,0
49276,0
19448,0
55418,0
2733,0
56062,0
72068,0
29927,0
17231,0
83173,0
6377,0
32561,0
2951,0
71817,0
96005,0
28594,0
11541,0
23436,0
18777,0
71625,0
33278,0
25983,0
54591,0
49454,0
21432,0
99319,0
40758,0
13281,0
1577,0
20013,0
33048,0
30684,0
66080,0
66867,0
80045,0
14302,0
38852,0
29691,0
65081,0
72949,0
43734,0
41600,0
53416,0
87462,0
56510,0
10084,0
86830,0
47813,0
60139,0
85065,0
13395,0
48375,0
57415,0
34465,0
36539,0
63179,0
12033,0
99118,0
21958,0
1581,0
34338,0
46506,0
48102,0
93824,0
12318,0
17003,0
51910,0
94298,0
89018,0
81116,0
35860,0
18056,0
31508,0
8372,0
39239,0
4717,0
24437,0
19325,0
2529,0
86583,0
12717,0
80310,0
18290,0
9191,0
49188,0
61644,0
74555,0
68355,0
81361,0
29540,0
49674,0
91570,0
25096,0
43856,0
12129,0
43652,0
76305,0
84528,0
99938,0
89402,0
15472,0
24536,0
40816,0
55430,0
29849,0
23667,0
45725,0
65594,0
58419,0
73011,0
93217,0
94965,0
73938,0
91569,0
41932,0
26308,0
9452,0
55797,0
72384,0
29494,0
84018,0
87281,0
69369,0
37526,0
74845,0
68525,0
70282,0
55404,0
33224,0
85481,0
62848,0
13264,0
30163,0
17041,0
25992,0
28161,0
29625,0
18019,0
12052,0
47497,0
60546,0
81707,0
94957,0
48471,0
81060,0
96233,0
23681,0
20320,0
2221,0
96428,0
23027,0
22006,0
64901,0
33088,0
98749,0
70910,0
35503,0
2843,0
62268,0
43843,0
10527,0
45617,0
21309,0
63860,0
59464,0
6523,0
91869,0
58093,0
2937,0
17743,0
28772,0
34727,0
30184,0
46529,0
5002,0
33533,0
92959,0
81031,0
51936,0
16556,0
10413,0
97314,0
20332,0
54621,0
89939,0
29784,0
47623,0
71755,0
10695,0
51334,0
24662,0
25264,0
99663,0
9996,0
98403,0
7243,0
81004,0
39608,0
86039,0
1108,0
99969,0
98405,0
73329,0
35718,0
35144,0
46860,0
54404,0
30988,0
23941,0
81365,0
7942,0
37099,0
49451,0
50231,0
59402,0
89785,0
72211,0
13541,0
57598,0
60967,0
57944,0
87662,0
26602,0
41236,0
51801,0
64706,0
67818,0
53934,0
57522,0
20126,0
71023,0
49028,0
81238,0
57451,0
39386,0
46940,0
58010,0
35249,0
73725,0
70753,0
48322,0
17210,0
4104,0
72329,0
69949,0
55208,0
76432,0
35819,0
98780,0
58469,0
79988,0
9176,0
34151,0
67668,0
6656,0
65964,0
74796,0
32184,0
11238,0
66763,0
51809,0
99199,0
69287,0
74363,0
48697,0
19012,0
79900,0
83330,0
94083,0
91795,0
14850,0
24059,0
83762,0
37470,0
6468,0
67726,0
28402,0
57246,0
10803,0
58265,0
62,0
2094,0
23087,0
55297,0
32775,0
16764,0
41377,0
65064,0
93303,0
53841,0
15981,0
81608,0
90477,0
460,0
57842,0
20702,0
34874,0
76693,0
43303,0
29970,0
40742,0
78891,0
91407,0
90242,0
56832,0
62891,0
51782,0
33644,0
90137,0
77315,0
94736,0
68638,0
15508,0
85834,0
42079,0
75041,0
88562,0
70306,0
76074,0
66318,0
19104,0
8859,0
93706,0
26131,0
59073,0
46241,0
92289,0
12056,0
11763,0
79056,0
95777,0
9292,0
29962,0
71092,0
76803,0
89472,0
58936,0
19307,0
77134,0
79974,0
13636,0
9295,0
38260,0
64977,0
31017,0
99214,0
34422,0
3261,0
80677,0
44785,0
76377,0
46263,0
51508,0
74834,0
94236,0
37184,0
15754,0
32819,0
60542,0
53768,0
48872,0
99638,0
31255,0
5752,0
49500,0
32690,0
49,0
55151,0
7108,0
20520,0
56281,0
49971,0
77635,0
80173,0
53420,0
83075,0
26779,0
53672,0
69207,0
11814,0
3727,0
56923,0
27325,0
9533,0
11438,0
17067,0
63029,0
69165,0
28608,0
31141,0
88574,0
20715,0
70164,0
62397,0
29549,0
59947,0
11026,0
80818,0
35012,0
33424,0
77274,0
61808,0
8469,0
46445,0
44518,0
75641,0
77730,0
30318,0
71180,0
41453,0
13684,0
36855,0
25115,0
92878,0
44829,0
73680,0
66980,0
22586,0
33220,0
40743,0
46351,0
96808,0
23778,0
582,0
91472,0
84723,0
56943,0
60480,0
28393,0
77168,0
30134,0
40323,0
84465,0
16139,0
68381,0
79006,0
35348,0
62632,0
59843,0
65141,0
11516,0
70733,0
33451,0
92584,0
47925,0
60831,0
27932,0
73908,0
50949,0
14888,0
21264,0
38495,0
77850,0
78266,0
56671,0
77427,0
54991,0
28140,0
14941,0
15587,0
99453,0
33315,0
16081,0
17872,0
79287,0
22744,0
87799,0
69719,0
5153,0
83393,0
44707,0
73630,0
77468,0
18551,0
96469,0
48208,0
27313,0
24286,0
67745,0
90635,0
64690,0
71649,0
45396,0
70922,0
85971,0
92188,0
10314,0
29452,0
2150,0
60260,0
76463,0
58041,0
49484,0
59868,0
23325,0
8858,0
17910,0
86582,0
82754,0
55292,0
50335,0
27030,0
45759,0
199,0
51847,0
85210,0
12908,0
91788,0
39904,0
52815,0
40294,0
45610,0
6933,0
12919,0
63784,0
93279,0
33111,0
40103,0
61857,0
14511,0
64356,0
9257,0
46574,0
28657,0
28523,0
81528,0
47436,0
73229,0
68615,0
18537,0
57399,0
36346,0
58229,0
49362,0
49036,0
27999,0
22893,0
95374,0
69162,0
11681,0
1456,0
3287,0
78809,0
43322,0
22652,0
87145,0
72297,0
46979,0
34212,0
1528,0
24124,0
68837,0
56102,0
18459,0
9033,0
58920,0
95288,0
39929,0
53958,0
52734,0
2485,0
8585,0
88969,0
37820,0
17499,0
36916,0
65283,0
25545,0
94550,0
45064,0
1695,0
94086,0
42385,0
36009,0
55575,0
15166,0
51224,0
31689,0
73125,0
42971,0
30051,0
75981,0
30915,0
94694,0
20585,0
93565,0
10300,0
69313,0
33356,0
84816,0
82600,0
60415,0
8951,0
67063,0
85915,0
36996,0
3845,0
99408,0
97124,0
76191,0
57366,0
35915,0
63309,0
27199,0
41617,0
72908,0
33717,0
1589,0
97328,0
78522,0
60228,0
23902,0
968,0
68897,0
65483,0
17646,0
89131,0
47248,0
98000,0
28660,0
61484,0
14040,0
83948,0
10288,0
27279,0
710,0
93658,0
882,0
35676,0
81348,0
49168,0
2708,0
83095,0
84818,0
46565,0
60370,0
32067,0
67268,0
24752,0
5201,0
26034,0
97514,0
44667,0
81690,0
9809,0
8760,0
42693,0
97831,0
16872,0
61123,0
28099,0
64779,0
57924,0
10313,0
64786,0
32677,0
45023,0
55521,0
14275,0
38360,0
26123,0
74910,0
37816,0
6782,0
35977,0
16763,0
45010,0
74888,0
98950,0
72865,0
41268,0
24845,0
59730,0
41930,0
99166,0
47340,0
38944,0
9952,0
27267,0
26173,0
65345,0
46540,0
55217,0
84909,0
42268,0
75788,0
91376,0
54960,0
44913,0
62204,0
12725,0
94228,0
80761,0
48589,0
169,0
99348,0
83094,0
74361,0
88655,0
70799,0
98002,0
57756,0
48241,0
30997,0
88982,0
56821,0
65039,0
32340,0
60970,0
38040,0
98871,0
26254,0
52303,0
81546,0
50846,0
17358,0
15520,0
39617,0
25200,0
56338,0
43272,0
31565,0
87889,0
57990,0
28252,0
75138,0
36155,0
94331,0
90529,0
6606,0
91262,0
28950,0
52925,0
78162,0
50183,0
69590,0
83334,0
5526,0
17487,0
42164,0
59466,0
8414,0
66239,0
86858,0
31529,0
88486,0
98536,0
64699,0
76017,0
14930,0
79660,0
1878,0
85524,0
89791,0
24650,0
18934,0
19555,0
38531,0
82490,0
56252,0
36636,0
85240,0
62089,0
46966,0
31006,0
13605,0
47790,0
2613,0
5023,0
6696,0
9516,0
56108,0
6887,0
29354,0
26095,0
1888,0
47554,0
50438,0
39218,0
97980,0
82205,0
74262,0
38083,0
447,0
18713,0
46161,0
62099,0
28807,0
6715,0
60726,0
11630,0
12459,0
465,0
48590,0
57800,0
93778,0
7879,0
56156,0
64848,0
61809,0
8591,0
93416,0
33370,0
91149,0
76662,0
39811,0
62670,0
78700,0
28650,0
75015,0
48955,0
71737,0
8085,0
36559,0
16967,0
43223,0
53521,0
66632,0
77180,0
53363,0
38549,0
33061,0
83127,0
2670,0
92769,0
35938,0
34885,0
79622,0
63647,0
99484,0
92021,0
87096,0
86229,0
68130,0
75549,0
98392,0
14515,0
87178,0
50947,0
20027,0
40492,0
79886,0
98095,0
62804,0
39818,0
21222,0
27318,0
70962,0
96586,0
90611,0
19298,0
91153,0
77297,0
81173,0
6868,0
23725,0
20906,0
60725,0
22691,0
61670,0
28189,0
64703,0
72725,0
19804,0
56688,0
79998,0
97694,0
59638,0
73176,0
60491,0
82612,0
46647,0
62005,0
96716,0
40966,0
13809,0
82003,0
26935,0
26372,0
69517,0
53440,0
71512,0
78291,0
37610,0
21320,0
47832,0
4057,0
81721,0
4435,0
53054,0
63651,0
47899,0
74487,0
88054,0
91034,0
50048,0
4457,0
237,0
18503,0
90570,0
91594,0
85655,0
25987,0
11455,0
59867,0
41304,0
62072,0
65203,0
93315,0
44312,0
88991,0
5454,0
74513,0
14243,0
51745,0
84630,0
41202,0
48853,0
36143,0
90423,0
41679,0
90216,0
47828,0
4994,0
75913,0
99173,0
20372,0
81267,0
9222,0
14912,0
80935,0
94708,0
71707,0
63850,0
76421,0
3812,0
82657,0
87852,0
55610,0
16748,0
16053,0
30007,0
19832,0
70070,0
41152,0
51606,0
91264,0
85869,0
36328,0
19255,0
90644,0
55211,0
50800,0
81726,0
99274,0
55357,0
3547,0
1130,0
50133,0
93216,0
87330,0
51944,0
36511,0
36580,0
22437,0
34297,0
92914,0
32183,0
47556,0
71540,0
9982,0
87396,0
81982,0
88941,0
1131,0
65826,0
26593,0
92074,0
35389,0
20841,0
56162,0
61555,0
59808,0
67318,0
95837,0
46686,0
12126,0
38173,0
43312,0
90708,0
95275,0
97844,0
80745,0
53709,0
28413,0
59787,0
12081,0
94651,0
43570,0
61568,0
11358,0
65364,0
40461,0
55261,0
12135,0
69457,0
30293,0
61676,0
85980,0
91136,0
68090,0
49465,0
41822,0
11496,0
49155,0
82351,0
17134,0
85532,0
58414,0
18666,0
8289,0
11174,0
59438,0
11022,0
34161,0
68835,0
20779,0
98084,0
73414,0
63833,0
39918,0
80267,0
79811,0
39708,0
72950,0
3042,0
97816,0
7138,0
2488,0
21752,0
85103,0
81811,0
31184,0
35673,0
31579,0
35990,0
45082,0
33276,0
5934,0
98181,0
23582,0
4956,0
7308,0
3155,0
62200,0
59865,0
89407,0
15359,0
83279,0
16753,0
88858,0
12349,0
92480,0
38714,0
52137,0
83498,0
86282,0
91561,0
25212,0
42828,0
78712,0
98307,0
54868,0
89380,0
21457,0
32109,0
60799,0
17491,0
65745,0
47608,0
34714,0
48131,0
47700,0
67283,0
79846,0
31186,0
31222,0
57529,0
76069,0
83860,0
77178,0
75468,0
35177,0
97407,0
66757,0
29362,0
6328,0
56554,0
17619,0
15034,0
91563,0
65621,0
81059,0
75955,0
32632,0
47548,0
25248,0
94023,0
79129,0
23036,0
36029,0
63165,0
38240,0
40814,0
45662,0
16400,0
46511,0
31528,0
38988,0
69965,0
49580,0
6,0
1102,0
61429,0
91790,0
85016,0
24432,0
94960,0
27860,0
76124,0
89029,0
12638,0
17529,0
57152,0
10817,0
29799,0
86042,0
17741,0
45711,0
85704,0
31948,0
28467,0
45769,0
784,0
43685,0
59213,0
26568,0
35657,0
43649,0
39543,0
43146,0
46958,0
7603,0
82056,0
80607,0
81264,0
63984,0
12763,0
12178,0
90565,0
33119,0
49209,0
48874,0
86174,0
76422,0
19285,0
53903,0
51344,0
46826,0
78244,0
52586,0
79128,0
73029,0
13120,0
61025,0
42861,0
80270,0
34694,0
26922,0
12841,0
7109,0
31078,0
64252,0
49157,0
5469,0
27060,0
17515,0
2103,0
39257,0
82368,0
19141,0
8627,0
59413,0
51953,0
36487,0
74265,0
71887,0
54781,0
71589,0
58759,0
67578,0
9271,0
30088,0
60446,0
42368,0
48882,0
64721,0
43414,0
70040,0
70637,0
552,0
29027,0
30946,0
2558,0
8552,0
83519,0
48696,0
78737,0
13225,0
99499,0
45114,0
73655,0
7607,0
62898,0
84025,0
47463,0
23921,0
90823,0
75390,0
24418,0
63232,0
37091,0
57368,0
96996,0
11497,0
36577,0
31657,0
93470,0
92868,0
57802,0
85136,0
40759,0
9728,0
90797,0
20522,0
17861,0
35793,0
28661,0
40869,0
34069,0
66802,0
24519,0
24136,0
255,0
7042,0
50107,0
19742,0
33856,0
41456,0
10372,0
80872,0
65448,0
33565,0
69626,0
76706,0
20438,0
77491,0
98065,0
46830,0
32194,0
88469,0
80567,0
43556,0
34660,0
46714,0
93160,0
12602,0
39018,0
9979,0
56225,0
88489,0
77775,0
1525,0
5753,0
11091,0
5463,0
64558,0
7006,0
87283,0
62278,0
30169,0
68485,0
85024,0
58471,0
4526,0
81046,0
71105,0
63473,0
84629,0
62398,0
23184,0
44651,0
1128,0
95269,0
69974,0
69334,0
57347,0
26723,0
90689,0
32870,0
3312,0
30294,0
15349,0
35376,0
30911,0
34975,0
27328,0
14401,0
17634,0
48239,0
39757,0
44292,0
49563,0
32659,0
83513,0
23033,0
33390,0
14227,0
17576,0
90542,0
563,0
60397,0
30780,0
51399,0
11004,0
53636,0
26207,0
57749,0
12887,0
96278,0
11572,0
79939,0
18029,0
16714,0
20762,0
59239,0
51264,0
80903,0
42963,0
61786,0
68728,0
66330,0
64846,0
17590,0
67851,0
49048,0
13147,0
46980,0
70156,0
66706,0
48594,0
94636,0
97095,0
8268,0
68731,0
91461,0
29593,0
48010,0
28224,0
37864,0
72413,0
69393,0
62729,0
50254,0
49406,0
30191,0
25855,0
34340,0
1723,0
81448,0
48151,0
67791,0
35750,0
11597,0
19826,0
39291,0
89566,0
96358,0
4939,0
25592,0
87652,0
50178,0
43839,0
39832,0
59818,0
65802,0
54962,0
69012,0
27040,0
85996,0
93298,0
87895,0
82021,0
49881,0
24561,0
73889,0
61069,0
4243,0
727,0
53581,0
67774,0
36841,0
14729,0
42027,0
92922,0
60923,0
40643,0
96488,0
25691,0
3711,0
83978,0
3050,0
36051,0
46584,0
91802,0
70955,0
83797,0
25522,0
54381,0
736,0
38899,0
96361,0
83562,0
75364,0
83427,0
81012,0
32455,0
99493,0
12533,0
28752,0
87017,0
55961,0
53496,0
24213,0
10955,0
18693,0
59729,0
90037,0
50573,0
32353,0
40969,0
43469,0
42252,0
14959,0
94838,0
13376,0
64580,0
86183,0
33679,0
79995,0
77005,0
74499,0
41257,0
18881,0
59289,0
84514,0
84616,0
26518,0
49504,0
69977,0
17613,0
84131,0
81860,0
94109,0
10289,0
98090,0
77720,0
92457,0
50883,0
10228,0
54689,0
68704,0
18563,0
15760,0
16672,0
41921,0
5044,0
69720,0
31242,0
95325,0
78293,0
76471,0
13957,0
16803,0
38034,0
34785,0
68507,0
23129,0
25016,0
91220,0
18929,0
3276,0
6412,0
22079,0
68836,0
20384,0
77096,0
9372,0
28606,0
85247,0
4368,0
78422,0
24830,0
65366,0
86723,0
84231,0
45184,0
73958,0
96791,0
20302,0
62367,0
72038,0
92302,0
90370,0
27977,0
30258,0
78057,0
93326,0
27720,0
35831,0
67505,0
48454,0
14287,0
25142,0
64458,0
58934,0
94998,0
96657,0
78852,0
79686,0
27337,0
58507,0
84491,0
4347,0
97744,0
48784,0
75579,0
26085,0
91073,0
44364,0
99391,0
59530,0
83982,0
16797,0
64452,0
64304,0
32272,0
4089,0
50491,0
15051,0
31042,0
94945,0
37697,0
39541,0
55202,0
13029,0
45705,0
94532,0
29807,0
79089,0
53932,0
98998,0
23703,0
72888,0
85283,0
18892,0
68117,0
61820,0
8711,0
55789,0
55133,0
37213,0
11498,0
78143,0
35331,0
35133,0
6122,0
14584,0
43714,0
16590,0
13921,0
9165,0
96043,0
40915,0
50610,0
32086,0
86044,0
35822,0
43309,0
27169,0
12972,0
62552,0
81750,0
53674,0
71998,0
34901,0
82075,0
80283,0
36443,0
13673,0
92054,0
94907,0
2016,0
51661,0
79311,0
88251,0
88616,0
8954,0
56561,0
7290,0
43236,0
64018,0
93087,0
43390,0
92712,0
26192,0
51998,0
57146,0
69646,0
14735,0
52750,0
18175,0
51609,0
44822,0
98075,0
16705,0
36169,0
28673,0
9587,0
66390,0
46288,0
98234,0
70659,0
71982,0
781,0
19959,0
54400,0
58837,0
59064,0
4744,0
36413,0
79647,0
825,0
53401,0
80940,0
6023,0
3510,0
54559,0
70028,0
90712,0
61326,0
60239,0
62751,0
46683,0
31857,0
40345,0
67223,0
36057,0
35552,0
77461,0
48860,0
59094,0
48229,0
28810,0
37860,0
72131,0
1997,0
94297,0
97821,0
5939,0
37072,0
2295,0
99105,0
25127,0
89645,0
88176,0
35150,0
71141,0
19607,0
42399,0
25764,0
46127,0
36114,0
19066,0
67181,0
90939,0
86109,0
49636,0
50588,0
93319,0
88848,0
53668,0
4838,0
83613,0
65146,0
98970,0
78607,0
56601,0
95583,0
15064,0
47931,0
55836,0
64255,0
57906,0
40144,0
21172,0
37578,0
84962,0
97682,0
77792,0
28901,0
64369,0
86190,0
40747,0
6012,0
52685,0
72473,0
66663,0
65916,0
56636,0
4974,0
36255,0
98717,0
22578,0
80347,0
78789,0
97114,0
26818,0
1527,0
67753,0
76348,0
57742,0
70889,0
43724,0
38070,0
65710,0
4373,0
93540,0
10179,0
11401,0
1828,0
28762,0
19683,0
78929,0
54277,0
91261,0
4136,0
86548,0
63763,0
2244,0
61848,0
16659,0
46628,0
27914,0
83837,0
50575,0
52930,0
68404,0
79818,0
46261,0
12110,0
32226,0
12510,0
38830,0
36806,0
50489,0
63663,0
34377,0
17079,0
9551,0
310,0
29195,0
43884,0
67493,0
1407,0
92412,0
15342,0
42323,0
73238,0
74724,0
51477,0
55649,0
50142,0
25609,0
86487,0
81769,0
43461,0
84091,0
55432,0
65924,0
6217,0
56938,0
38752,0
90041,0
72841,0
11678,0
90990,0
26476,0
25401,0
43287,0
61886,0
6404,0
90362,0
67449,0
33022,0
609,0
39471,0
32294,0
63503,0
28159,0
75238,0
19374,0
20252,0
90609,0
30842,0
82587,0
91682,0
49848,0
90952,0
72246,0
61712,0
65087,0
69070,0
17762,0
43975,0
36307,0
7767,0
23004,0
84745,0
14527,0
44072,0
46704,0
43900,0
20525,0
93296,0
62954,0
67038,0
44674,0
32502,0
6319,0
71532,0
91762,0
32179,0
54907,0
9092,0
21259,0
13257,0
17268,0
8793,0
862,0
48877,0
20395,0
26961,0
44138,0
74037,0
94481,0
2607,0
50470,0
22194,0
63264,0
54824,0
53355,0
77712,0
35684,0
9144,0
24928,0
30453,0
85482,0
86127,0
74412,0
79402,0
40863,0
80722,0
45925,0
35071,0
31996,0
11447,0
80354,0
33331,0
24023,0
77165,0
89387,0
86787,0
12424,0
64053,0
63774,0
97316,0
59100,0
73995,0
69498,0
24897,0
43874,0
94891,0
60182,0
75125,0
29589,0
81221,0
42738,0
56354,0
23208,0
98996,0
11880,0
66890,0
5938,0
14463,0
62259,0
94703,0
32058,0
53817,0
68266,0
86705,0
62281,0
21010,0
60560,0
28779,0
74222,0
89071,0
61479,0
2421,0
82560,0
37609,0
82407,0
89194,0
31569,0
7340,0
79946,0
50317,0
44089,0
7927,0
63053,0
75209,0
64968,0
37949,0
39395,0
47514,0
49458,0
75377,0
42099,0
44248,0
60505,0
69133,0
25021,0
99596,0
82033,0
27078,0
64775,0
73034,0
42895,0
97867,0
71748,0
22328,0
54480,0
1932,0
14177,0
38156,0
99824,0
39598,0
95770,0
34764,0
52731,0
32588,0
48745,0
84494,0
42841,0
35438,0
22521,0
3262,0
54148,0
45413,0
95000,0
54875,0
10015,0
9794,0
35124,0
61144,0
79837,0
74556,0
19326,0
70715,0
72871,0
13956,0
26643,0
3104,0
95527,0
41404,0
65993,0
73513,0
97748,0
82605,0
73883,0
55156,0
42481,0
92528,0
46422,0
44821,0
92835,0
10933,0
38108,0
96801,0
55190,0
60550,0
85584,0
13274,0
94076,0
25881,0
94678,0
38387,0
16809,0
78233,0
58555,0
60517,0
2083,0
1305,0
6865,0
1827,0
96836,0
75706,0
20310,0
48432,0
54065,0
21589,0
54482,0
24239,0
96666,0
81626,0
18342,0
11613,0
38918,0
68446,0
90509,0
98423,0
63182,0
7066,0
52105,0
67766,0
52791,0
97186,0
46839,0
8815,0
36,0
99680,0
11702,0
77301,0
21697,0
25773,0
74833,0
88702,0
41401,0
40138,0
6725,0
23434,0
98342,0
92117,0
71879,0
98284,0
27807,0
46472,0
95536,0
56000,0
26323,0
32774,0
49927,0
54472,0
11554,0
95893,0
97364,0
88571,0
78563,0
58888,0
40275,0
84394,0
89287,0
76698,0
47571,0
34119,0
28235,0
70525,0
74851,0
71594,0
27864,0
25044,0
91313,0
26169,0
13250,0
71634,0
26634,0
48797,0
30737,0
65724,0
13791,0
56335,0
96913,0
71647,0
66611,0
48013,0
57297,0
85856,0
96876,0
89479,0
4372,0
88134,0
96147,0
10602,0
18167,0
69772,0
72722,0
79701,0
957,0
46405,0
13401,0
46905,0
22083,0
78360,0
37809,0
55980,0
11366,0
61631,0
41406,0
59207,0
23278,0
33469,0
28859,0
12234,0
32717,0
45417,0
71171,0
4234,0
42086,0
48262,0
54839,0
10164,0
65842,0
70066,0
95487,0
19652,0
8454,0
27584,0
92294,0
71976,0
27454,0
43785,0
35607,0
77646,0
32635,0
18168,0
85149,0
68396,0
84525,0
1501,0
58760,0
55318,0
85027,0
3620,0
7059,0
38296,0
34953,0
75807,0
34275,0
9081,0
46342,0
3069,0
93228,0
31690,0
52867,0
16241,0
99639,0
89297,0
38538,0
49173,0
56814,0
39298,0
54201,0
32784,0
96173,0
82210,0
79214,0
23475,0
78135,0
99133,0
16911,0
73111,0
18413,0
25114,0
93803,0
41065,0
74619,0
58763,0
5941,0
65450,0
10873,0
21541,0
81668,0
62465,0
11471,0
23859,0
12481,0
34375,0
94065,0
27858,0
30434,0
32154,0
3574,0
14391,0
20792,0
55081,0
81122,0
84842,0
38484,0
31956,0
20889,0
73297,0
7691,0
29445,0
78449,0
80550,0
13205,0
49965,0
43613,0
19059,0
82541,0
18807,0
15322,0
51631,0
20601,0
1858,0
81775,0
90916,0
96957,0
96516,0
53779,0
33441,0
26618,0
99315,0
99149,0
79511,0
2231,0
43946,0
32853,0
7793,0
44889,0
27951,0
64176,0
16204,0
27831,0
45133,0
6860,0
33521,0
91691,0
35550,0
49902,0
78873,0
22168,0
29210,0
49594,0
75940,0
96164,0
93066,0
95549,0
42460,0
55125,0
66536,0
47298,0
77814,0
88920,0
40787,0
87289,0
69204,0
72004,0
92084,0
94238,0
18027,0
40235,0
12603,0
26599,0
71734,0
45161,0
15414,0
22775,0
38667,0
91250,0
98032,0
45089,0
9592,0
4902,0
1390,0
71926,0
4498,0
19962,0
19038,0
86802,0
19521,0
10962,0
19810,0
60758,0
51890,0
37186,0
53407,0
8057,0
33170,0
99262,0
66645,0
36696,0
18871,0
54138,0
51873,0
17329,0
92194,0
80705,0
71697,0
66636,0
63597,0
99436,0
18216,0
45589,0
14810,0
61603,0
38797,0
21603,0
98043,0
69279,0
89403,0
25798,0
53213,0
99110,0
28897,0
29208,0
47093,0
22814,0
38880,0
5261,0
79361,0
17887,0
91876,0
97968,0
75827,0
46265,0
57930,0
28387,0
13683,0
73130,0
99387,0
41353,0
34273,0
84679,0
96534,0
62359,0
19292,0
99313,0
85682,0
48864,0
78073,0
91306,0
83610,0
80734,0
1290,0
33080,0
60548,0
699,0
96507,0
51874,0
54654,0
60110,0
43863,0
68609,0
32418,0
73410,0
24514,0
98382,0
77183,0
93848,0
69652,0
5263,0
4316,0
81508,0
56009,0
66766,0
79132,0
98658,0
38822,0
85897,0
74744,0
14632,0
30710,0
68331,0
49929,0
53077,0
68783,0
5990,0
11998,0
25479,0
46924,0
98152,0
97169,0
61085,0
31545,0
51446,0
27833,0
15056,0
54522,0
19489,0
22067,0
52284,0
71731,0
72570,0
40141,0
13649,0
72654,0
39244,0
80984,0
73454,0
39422,0
38860,0
13555,0
89446,0
13735,0
37915,0
56029,0
70712,0
32013,0
18299,0
67788,0
50894,0
33766,0
589,0
80675,0
81191,0
32685,0
29585,0
16105,0
74165,0
42844,0
18104,0
37422,0
13746,0
49000,0
21388,0
39148,0
91203,0
72856,0
41079,0
27770,0
8408,0
10836,0
72013,0
70303,0
14528,0
29190,0
24560,0
22645,0
86479,0
47773,0
12593,0
89310,0
59950,0
61271,0
6356,0
54196,0
60204,0
82143,0
21616,0
92087,0
7769,0
61534,0
42794,0
11104,0
42475,0
44943,0
70236,0
72438,0
31252,0
90779,0
47245,0
28677,0
16804,0
26209,0
78579,0
21870,0
2362,0
47358,0
39390,0
18645,0
41766,0
71527,0
47634,0
829,0
66724,0
38414,0
10483,0
7758,0
17214,0
72109,0
1707,0
97270,0
20182,0
48382,0
77089,0
97503,0
54435,0
23545,0
86604,0
91489,0
10481,0
19363,0
42948,0
17254,0
39513,0
53898,0
19401,0
63167,0
13906,0
11849,0
97886,0
97957,0
64931,0
89650,0
69844,0
3852,0
5307,0
58802,0
17772,0
75718,0
79685,0
8311,0
79609,0
97281,0
1529,0
62338,0
48674,0
61398,0
67005,0
6341,0
73052,0
68405,0
87577,0
54970,0
58764,0
810,0
21855,0
4975,0
64917,0
88181,0
94516,0
6271,0
34215,0
70729,0
93654,0
34206,0
71459,0
38643,0
98788,0
8124,0
3824,0
36560,0
10451,0
97727,0
48312,0
92658,0
32375,0
98034,0
21481,0
58832,0
58887,0
67348,0
20427,0
17673,0
79568,0
26841,0
30143,0
16885,0
80008,0
21708,0
78474,0
58678,0
24603,0
37760,0
26110,0
58484,0
71347,0
43095,0
59624,0
63767,0
54456,0
40079,0
78647,0
39297,0
43794,0
39712,0
23386,0
58585,0
15203,0
10255,0
67721,0
82267,0
90900,0
85442,0
25272,0
32451,0
36946,0
35872,0
31610,0
32684,0
24352,0
37042,0
56339,0
87491,0
17627,0
56541,0
636,0
74085,0
43209,0
65164,0
42378,0
79045,0
60223,0
86209,0
5977,0
52693,0
94930,0
62482,0
32023,0
64049,0
4077,0
92240,0
76647,0
98262,0
81555,0
43231,0
44552,0
2226,0
35074,0
92024,0
24190,0
49557,0
65342,0
19333,0
18911,0
36101,0
30171,0
98762,0
32606,0
83348,0
79739,0
71815,0
96995,0
99275,0
28300,0
57774,0
10332,0
23196,0
95515,0
54856,0
79190,0
75026,0
34760,0
78256,0
53608,0
38140,0
25464,0
15138,0
67679,0
84736,0
64068,0
30112,0
60494,0
1559,0
18675,0
55701,0
10018,0
58260,0
14366,0
34455,0
27086,0
44602,0
33122,0
88221,0
1066,0
57327,0
29389,0
2975,0
12360,0
61641,0
14352,0
56678,0
99247,0
40565,0
15562,0
9151,0
63108,0
7969,0
72216,0
71680,0
34136,0
14466,0
59244,0
65497,0
1034,0
94312,0
23103,0
70563,0
26848,0
11400,0
65113,0
14752,0
22,0
82326,0
77282,0
4071,0
88168,0
1598,0
35299,0
62309,0
22886,0
64380,0
63117,0
75580,0
80225,0
27057,0
79741,0
34186,0
49597,0
5790,0
48040,0
83088,0
90445,0
3194,0
5648,0
31742,0
10473,0
49241,0
56389,0
49899,0
32540,0
10677,0
67466,0
96092,0
16172,0
42582,0
34474,0
95268,0
42926,0
3810,0
19722,0
98524,0
51251,0
92151,0
59780,0
99218,0
96014,0
17389,0
92851,0
63838,0
99276,0
32108,0
36320,0
5318,0
54399,0
12355,0
7273,0
95432,0
5667,0
81722,0
31183,0
1209,0
4219,0
60846,0
50760,0
40543,0
2620,0
62582,0
38604,0
88240,0
59891,0
20402,0
96625,0
21053,0
66640,0
68941,0
17722,0
94050,0
99285,0
18589,0
97652,0
29181,0
16014,0
54846,0
52458,0
91288,0
79535,0
40636,0
49488,0
23211,0
9566,0
13907,0
3052,0
98318,0
2945,0
93628,0
91175,0
91044,0
10439,0
69230,0
27285,0
17249,0
51092,0
89183,0
94884,0
75190,0
3819,0
72913,0
86223,0
68192,0
63417,0
47611,0
77531,0
26451,0
73057,0
86275,0
25242,0
79373,0
19934,0
31628,0
97199,0
94335,0
73065,0
62783,0
58862,0
69705,0
84101,0
85337,0
69285,0
20507,0
96713,0
74693,0
48179,0
99845,0
48714,0
57901,0
21592,0
32510,0
63246,0
12060,0
90928,0
96087,0
69552,0
67209,0
13835,0
79994,0
78405,0
28384,0
7210,0
98393,0
56100,0
30869,0
88227,0
46379,0
87650,0
52511,0
3889,0
48422,0
50755,0
54137,0
60112,0
24154,0
73335,0
69322,0
17982,0
39928,0
10591,0
42469,0
16601,0
48392,0
43109,0
27533,0
58714,0
87349,0
35303,0
35421,0
74787,0
78701,0
48018,0
60778,0
